{"epoch": 160, "train_loss": 0.002578306070063263, "grad_norm": 0.012689275501430817, "lr": 0.002, "_timestamp": 1748543050.935279, "_runtime": 1841.156612511, "epoch_duration": 47.82654047012329, "train_time": 1805.31489777565, "_step": 323, "norm_diff_mu": 125.43961334228516, "Mean relative regret": 0.15801307559013367, "Std relative regret": 0.04777286946773529, "best_epoch": 18, "best_relat_regret": 0.15141092240810394, "total_duration": 1837.7525742053986, "test/mean_relative_regret": 0.13064192235469818, "test/std_relative_regret": 0.05243608355522156}