{"train_loss": 0.009416960936505347, "epoch_duration": 16.148926973342896, "train_time": 305.4729554653168, "grad_norm": 0.02559500456635827, "_step": 39, "epoch": 18, "lr": 0.002, "_timestamp": 1748546412.5779166, "_runtime": 314.912646403, "Mean relative regret": 0.13418962061405182, "Std relative regret": 0.03697029501199722, "total_duration": 311.7960751056671, "best_epoch": 16, "best_relat_regret": 0.13380567729473114, "test/mean_relative_regret": 0.12371554970741272, "test/std_relative_regret": 0.0369158498942852}