{"_timestamp": 1746206132.248733, "_runtime": 75.13132963, "_step": 30, "train_loss": 0.015046092798002064, "epoch_duration": 4.446274518966675, "train_time": 69.70608258247375, "grad_norm": 0.13379625520771776, "epoch": 14, "lr": 6.25e-05, "regret": 0.025257679745554925, "total_duration": 72.86030006408691}