{"epoch": 5989, "train_loss": 0.00024832563303789357, "lr": 1e-06, "_runtime": 625.204285847, "_step": 7188, "epoch_duration": 0.03406119346618652, "train_time": 209.58811831474304, "grad_norm": 0.007370751801851874, "_timestamp": 1748547700.121356, "Mean relative regret": 0.1620437204837799, "Std relative regret": 0.03765399008989334, "test/mean_relative_regret": 0.13205486536026, "test/std_relative_regret": 0.037752605974674225}