{"train_loss": 0.22496355883777142, "epoch_duration": 7.642632961273193, "_step": 480, "lr": 6.25e-05, "_timestamp": 1745974753.039099, "_runtime": 5652.081475802, "epoch": 399, "train_time": 5550.792924880981, "grad_norm": 8.347243629610825, "regret": 9.84, "mu_diff_norm": 69.80921936035156, "total_duration": 5591.010379314423}