{"train_time": 538.2415318489075, "lr": 0.002, "_timestamp": 1748547053.8782315, "_runtime": 604.183726792, "epoch": 323, "train_loss": 0.0020991162018617615, "epoch_duration": 1.6527187824249268, "grad_norm": 0.010229456436247945, "_step": 649, "Mean relative regret": 0.16043344140052795, "Std relative regret": 0.050054773688316345, "total_duration": 601.4107315540314, "best_epoch": 23, "best_relat_regret": 0.151217520236969, "test/std_relative_regret": 0.0525042898952961, "test/mean_relative_regret": 0.13034728169441223}