{"train_time": 2958.5055232048035, "grad_norm": 0.4585225241952072, "_step": 4047, "train_loss": 0.014275088149588555, "epoch_duration": 1.4493415355682373, "lr": 1e-06, "_timestamp": 1748592546.8279002, "_runtime": 3604.866593856, "epoch": 2022, "Mean relative regret": 0.1607295423746109, "Std relative regret": 0.041395511478185654, "total_duration": 3600.5646283626556, "best_epoch": 121, "best_relat_regret": 0.15730559825897217, "test/mean_relative_regret": 0.13296937942504883, "test/std_relative_regret": 0.037897128611803055}