{"_timestamp": 1748916844.828214, "_runtime": 319.660594824, "epoch": 720, "epoch_duration": 0.41190147399902344, "train_time": 300.08565759658813, "grad_norm": 0.009905594336763543, "train_loss": 0.003940231108572334, "lr": 0.002, "_step": 729, "Mean relative regret": 0.17800073615204604, "Std relative regret": 0.03370392792525336, "norm_diff_mu": 270.81622314453125, "best_relat_regret": 0.1678797397605489, "total_duration": 307.94425654411316, "best_epoch": 99, "test/mean_relative_regret": 0.1355518102645874, "test/std_relative_regret": 0.032151881605386734}