{"train_loss": 0.023150216322392225, "epoch_duration": 1.4465277194976807, "grad_norm": 0.5556881825946329, "_timestamp": 1746127581.2312756, "_runtime": 3.931855143, "_step": 0, "epoch": 0, "train_time": 1.4465277194976807, "lr": 0.001}