{"epoch_duration": 44.27470421791077, "_step": 0, "lr": 0.002, "_timestamp": 1748644485.7064564, "_runtime": 46.193566598, "epoch": 0, "train_loss": 1.0608581714332104, "train_time": 44.27470421791077, "grad_norm": 2.9789117945596586}