{"train_loss": 0.0051668500527739525, "train_time": 1182.7261593341827, "_step": 180, "epoch": 149, "epoch_duration": 7.66810154914856, "grad_norm": 0.057961341257282965, "lr": 3.125e-05, "_timestamp": 1746219571.8602457, "_runtime": 1218.317556082, "regret": 0.019904828742146493, "total_duration": 1194.0791776180267}