{"train_loss": 1.4860052317380905, "epoch_duration": 1.4087550640106201, "_timestamp": 1746732104.3187451, "mu_diff": 118.53904724121094, "_runtime": 925.172964598, "_step": 360, "epoch": 299, "train_time": 892.6504240036011, "grad_norm": 12.229191371801251, "lr": 0.00025, "mu_diff_norm": 2652.4033203125, "regret": 0.026366859078407287, "total_duration": 924.7133512496948}