{"epoch_duration": 14.104867696762085, "train_time": 304.11134028434753, "lr": 0.002, "_runtime": 313.721243694, "_step": 39, "epoch": 18, "train_loss": 0.008064740570262074, "grad_norm": 0.01993120248030454, "_timestamp": 1748526081.9088252, "Mean relative regret": 0.14752936363220215, "Std relative regret": 0.03895101696252823, "norm_diff_mu": 151.12252807617188, "total_duration": 310.408896446228, "best_epoch": 17, "best_relat_regret": 0.1468975841999054, "training_status": "time_limit", "test/std_relative_regret": 0.037536509335041046, "test/mean_relative_regret": 0.12864696979522705}