{"_step": 360, "epoch": 299, "train_loss": 0.02442171110305935, "train_time": 1297.2834329605103, "lr": 0.00025, "epoch_duration": 4.345596551895142, "grad_norm": 0.4242346678828107, "_timestamp": 1746808197.573702, "_runtime": 1360.202441794, "regret_relatif": 0.17649766623973848, "regret": 0.02266653299331665, "total_duration": 1356.322876214981}