{"epoch": 2, "train_loss": 0.0937067624181509, "epoch_duration": 25.164247512817383, "train_time": 96.12877607345581, "grad_norm": 0.10809208346566629, "lr": 0.002, "_step": 3, "mu_diff": 3.0620455741882324, "_timestamp": 1747321905.5182302, "_runtime": 98.850896377, "regret": 0.030864402502775192, "mu_diff_norm": 68.8948745727539, "regret_relatif": 0.22904971957206727}