{"train_loss": 0.002022366999881342, "grad_norm": 0.010062586644963891, "lr": 0.00025, "epoch": 871, "epoch_duration": 1.8674817085266113, "train_time": 1630.1604435443878, "_timestamp": 1748549462.1792223, "_runtime": 1802.965819634, "_step": 1745, "Mean relative regret": 0.15394312143325806, "Std relative regret": 0.046325113624334335, "total_duration": 1800.1711447238922, "best_epoch": 40, "best_relat_regret": 0.1438140720129013, "test/mean_relative_regret": 0.1266002506017685, "test/std_relative_regret": 0.05179958418011665}