{"epoch": 0, "epoch_duration": 10.684212446212769, "lr": 0.001, "_timestamp": 1746130324.5255668, "_runtime": 14.248748044, "train_loss": 0.033656390965916216, "train_time": 10.684212446212769, "grad_norm": 0.32955943507563606, "_step": 0}