{"train_time": 3528.3503494262695, "_timestamp": 1748558515.2479608, "_runtime": 3605.603473198, "_step": 437, "epoch": 217, "train_loss": 0.004223493189783767, "epoch_duration": 16.18001914024353, "grad_norm": 0.012057625170703622, "lr": 0.002, "Mean relative regret": 0.1387936919927597, "Std relative regret": 0.041664984077215195, "total_duration": 3601.6291794776917, "best_epoch": 30, "best_relat_regret": 0.13373954594135284, "test/mean_relative_regret": 0.12111613154411316, "test/std_relative_regret": 0.036789361387491226}