{"train_loss": 1.011175874620676, "epoch_duration": 15.219578504562378, "grad_norm": 3.7707248532981366, "_runtime": 17.53626997, "epoch": 0, "train_time": 15.219578504562378, "lr": 0.002, "_timestamp": 1748644358.0131345, "_step": 0}