{"_runtime": 206.509332047, "epoch": 34, "train_loss": 0.0046618119813501835, "epoch_duration": 1.686572790145874, "train_time": 61.557746171951294, "grad_norm": 0.021516754151362942, "lr": 0.002, "_timestamp": 1748525325.2453508, "_step": 70, "Mean relative regret": 0.15177913010120392, "Std relative regret": 0.05285852774977684, "test/mean_relative_regret": 0.13456222414970398, "test/std_relative_regret": 0.055007513612508774}