{"train_loss": 0.00017523610495118191, "train_time": 285.7106809616089, "_timestamp": 1748547011.618078, "_runtime": 603.581535502, "_step": 9954, "epoch": 8294, "epoch_duration": 0.03390359878540039, "grad_norm": 0.008413374792529784, "lr": 1e-06, "Mean relative regret": 0.16697269678115845, "Std relative regret": 0.052394088357686996, "test/mean_relative_regret": 0.1384313553571701, "test/std_relative_regret": 0.055349674075841904}