{"train_loss": 0.005396717926487327, "epoch_duration": 32.52279710769653, "lr": 0.001, "_runtime": 3332.989397374, "_step": 120, "epoch": 99, "train_time": 3251.169199705124, "grad_norm": 0.01580220053703065, "_timestamp": 1747147513.431916, "regret": 0.018211948350071908, "regret_relatif": 0.1360812631249428, "total_duration": 3258.8901674747467}