{"lr": 0.002, "_timestamp": 1748546439.5444477, "epoch_duration": 28.399702787399292, "train_loss": 0.011719659145455807, "train_time": 304.64477920532227, "grad_norm": 0.023179893183510367, "_runtime": 312.427899055, "_step": 23, "epoch": 10, "Mean relative regret": 0.1540161818265915, "Std relative regret": 0.04021598771214485, "total_duration": 308.3245735168457, "best_epoch": 10, "best_relat_regret": 0.1540161818265915, "test/mean_relative_regret": 0.1317327469587326, "test/std_relative_regret": 0.03634632006287575}