{"epoch_duration": 27.594233751296997, "grad_norm": 0.02345262375084042, "lr": 0.002, "_timestamp": 1748525425.3623128, "_runtime": 89.924144575, "_step": 6, "epoch": 2, "train_loss": 0.018588946433737874, "train_time": 85.27691602706909, "Mean relative regret": 0.19764995574951172, "Std relative regret": 0.043887510895729065, "test/mean_relative_regret": 0.17683745920658112, "test/std_relative_regret": 0.039499200880527496}