{"train_time": 580.0469048023224, "_step": 20537, "lr": 1.52587890625e-08, "_timestamp": 1748369637.2829528, "_runtime": 1745.458519735, "epoch": 17114, "train_loss": 0.0002492667344995425, "epoch_duration": 0.03332352638244629, "grad_norm": 0.007340662820173599, "Mean relative regret": 0.16406360268592834, "Std relative regret": 0.044695157557725906}