{"grad_norm": 0.3964692791839601, "_timestamp": 1746127709.5163524, "_runtime": 22.460917618, "_step": 18, "epoch": 14, "train_loss": 0.022654483909718692, "epoch_duration": 1.1750142574310303, "train_time": 18.433237314224243, "lr": 0.001, "regret": 0.031034168004989624, "total_duration": 20.10177254676819}