{"_step": 4, "epoch": 1, "epoch_duration": 1.785062313079834, "train_time": 3.810657024383545, "grad_norm": 2.661311579377106, "lr": 0.001, "_timestamp": 1746539893.2063296, "train_loss": 0.3398181442171335, "_runtime": 8.692733715, "regret": 0.02906229570508003, "total_duration": 4.963670492172241}