{"_timestamp": 1748644433.4529984, "_step": 0, "train_loss": 0.9345760010182858, "epoch_duration": 15.197628021240234, "grad_norm": 3.7522571369426956, "lr": 0.002, "epoch": 0, "train_time": 15.197628021240234, "_runtime": 17.098692089}