{"_timestamp": 1748693136.6646113, "_runtime": 610.56332774, "epoch": 38, "train_loss": 0.16291837580502033, "lr": 0.002, "_step": 79, "epoch_duration": 15.469067573547363, "train_time": 600.651029586792, "grad_norm": 2.4412916916681597, "Std relative regret": 0.05335866014108741, "norm_diff_mu": 107.89730072021484, "Mean relative regret": 0.162901461307769, "total_duration": 607.6628346443176, "best_epoch": 33, "best_relat_regret": 0.16122142491208147, "test/mean_relative_regret": 0.13725928962230682, "test/std_relative_regret": 0.05196819826960564}