{"epoch": 14, "_runtime": 37.034511484, "train_loss": 0.3643015008419752, "epoch_duration": 1.3878517150878906, "train_time": 33.2898645401001, "grad_norm": 2.6444314180460036, "lr": 0.001, "mu_diff": 3.4408726692199707, "_timestamp": 1746727214.713667, "_step": 17, "mu_diff_norm": 76.96995544433594, "regret": 0.02845469683408737}