{"epoch": 29, "train_loss": 0.0034862478787545115, "grad_norm": 0.23648274535709846, "lr": 0.001, "_runtime": 61.996434203, "epoch_duration": 1.8755378723144531, "train_time": 57.35015535354614, "_timestamp": 1746545284.8642879, "_step": 59, "regret": 0.035207780301570894}