{"epoch": 1426, "train_loss": 0.0032000274513848126, "epoch_duration": 0.0415804386138916, "train_time": 60.03358697891235, "_timestamp": 1748906881.2665577, "grad_norm": 0.025280446231939806, "lr": 1.5625e-05, "_runtime": 1550.80282771, "_step": 2855, "Mean relative regret": 0.18722874788418956, "Std relative regret": 0.03762244568274367, "total_duration": 1545.219000339508, "best_epoch": 16, "best_relat_regret": 0.1698456339725351, "test/mean_relative_regret": 0.1375284641981125, "test/std_relative_regret": 0.0316329300403595}