{"train_loss": 0.014058016240596771, "epoch_duration": 2.660529375076294, "train_time": 36.889206409454346, "grad_norm": 0.6363318160051423, "epoch": 2, "lr": 0.002, "_timestamp": 1746206170.986113, "_runtime": 37.528189864, "_step": 4, "mu_diff_norm": 71.89228820800781, "regret": 0.031157893985509874, "total_duration": 37.10665011405945}