{"train_loss": 0.020917729008942842, "epoch_duration": 45.64147877693176, "grad_norm": 0.08608758262137796, "lr": 0.001, "_step": 7, "epoch": 5, "train_time": 278.38571667671204, "_timestamp": 1746221950.4104624, "_runtime": 283.388911482, "regret": 0.026230845525860788}