{"grad_norm": 0.017777930869226573, "_timestamp": 1748547085.75895, "epoch": 50, "train_loss": 0.00371448093210347, "epoch_duration": 49.128100872039795, "_step": 103, "train_time": 615.7613735198975, "lr": 0.002, "_runtime": 629.775256894, "Mean relative regret": 0.15197430551052094, "Std relative regret": 0.04767010733485222, "norm_diff_mu": 31.157028198242188, "total_duration": 626.1517596244812, "best_epoch": 13, "best_relat_regret": 0.1476622074842453, "test/mean_relative_regret": 0.13015131652355194, "test/std_relative_regret": 0.048509638756513596}