{"epoch": 240, "epoch_duration": 2.276916027069092, "_runtime": 605.473912883, "train_loss": 0.0029717070574406534, "train_time": 544.102475643158, "grad_norm": 0.015049084877381444, "lr": 6.25e-05, "_timestamp": 1748540540.0451715, "_step": 483, "Mean relative regret": 0.15227484703063965, "Std relative regret": 0.05043220520019531, "total_duration": 602.298760175705, "best_epoch": 27, "best_relat_regret": 0.1476590931415558, "test/mean_relative_regret": 0.1263938844203949, "test/std_relative_regret": 0.051229000091552734}