{"_runtime": 396.674677455, "epoch": 99, "epoch_duration": 1.3341410160064697, "lr": 0.0005, "mu_diff": 22.101591110229492, "_step": 119, "train_loss": 0.6507970578968525, "train_time": 234.2976188659668, "grad_norm": 4.361601687655939, "_timestamp": 1746726416.4230628, "mu_diff_norm": 495.67950439453125, "regret": 0.026468441039323807}