{"epoch_duration": 0.03447079658508301, "train_time": 141.64688324928284, "lr": 1e-06, "_runtime": 302.813534917, "_step": 4909, "epoch": 4090, "train_loss": 0.00016489639710925985, "grad_norm": 0.007872655346170227, "_timestamp": 1748546081.4554045, "Mean relative regret": 0.1604696661233902, "Std relative regret": 0.053774457424879074, "test/mean_relative_regret": 0.13807658851146698, "test/std_relative_regret": 0.05428532883524895}