{"epoch_duration": 23.291858196258545, "train_time": 66.2719452381134, "epoch": 15, "train_loss": 0.1279764650389552, "grad_norm": 2.3285436477151653, "lr": 0.002, "_timestamp": 1748604912.2524393, "_runtime": 106.683247721, "_step": 33, "Mean relative regret": 0.16542933881282806, "Std relative regret": 0.0419628769159317, "norm_diff_mu": 149.87753295898438, "total_duration": 71.72022223472595, "best_epoch": 12, "best_relat_regret": 0.16384273767471313, "test/mean_relative_regret": 0.1398741900920868, "test/std_relative_regret": 0.0388372577726841}