{"epoch": 5, "train_loss": 0.013649278844241053, "_timestamp": 1746207526.1017096, "_runtime": 46.747941875, "_step": 8, "epoch_duration": 2.70058274269104, "train_time": 45.94539737701416, "grad_norm": 0.000171267043168374, "lr": 0.001, "regret": 0.031733165681362155, "mu_diff_norm": 71.77889251708984, "total_duration": 46.37167572975159}