{"train_time": 4.84529972076416, "_timestamp": 1746130495.2539318, "_runtime": 7.167116715, "_step": 0, "train_loss": 0.0323925333796069, "epoch_duration": 4.84529972076416, "lr": 0.001, "epoch": 0, "grad_norm": 0.2704572692461921}