{"train_loss": 0.16635569231584668, "grad_norm": 2.79284646859524, "epoch": 19, "train_time": 309.67714071273804, "lr": 0.002, "_timestamp": 1748692186.0191808, "_runtime": 316.141567118, "_step": 41, "epoch_duration": 15.477100372314453, "Mean relative regret": 0.16278843987043914, "Std relative regret": 0.05270640325321573, "norm_diff_mu": 117.60263061523438, "best_epoch": 15, "best_relat_regret": 0.16165993369192702, "total_duration": 313.2871165275574, "test/mean_relative_regret": 0.14033035933971405, "test/std_relative_regret": 0.05384887382388115}