{"train_loss": 0.01769229385536164, "epoch_duration": 13.038477420806885, "_runtime": 65.401363115, "epoch": 2, "train_time": 61.00895023345947, "grad_norm": 0.01804815590776785, "lr": 0.002, "_timestamp": 1748539315.2791512, "_step": 7, "Mean relative regret": 0.1955854743719101, "Std relative regret": 0.0393533781170845, "norm_diff_mu": 159.4531707763672, "total_duration": 62.041269063949585, "best_epoch": 2, "best_relat_regret": 0.1955854743719101, "test/std_relative_regret": 0.04353895038366318, "test/mean_relative_regret": 0.17625918984413147}