{"epoch": 1499, "train_time": 6500.493031024933, "grad_norm": 0.3830771191669684, "lr": 6.25e-05, "_step": 1800, "train_loss": 0.02477720915339887, "epoch_duration": 4.2979466915130615, "_timestamp": 1747003818.4440954, "_runtime": 6951.437070066, "regret_relatif": 0.18798101902008058, "regret": 0.02412429004907608, "total_duration": 6798.277188062668}