{"grad_norm": 2.729762116277534, "_timestamp": 1746540247.3827305, "_runtime": 9.396517627, "_step": 4, "epoch": 1, "train_loss": 0.3501283973455429, "epoch_duration": 1.8397631645202637, "train_time": 3.927156448364258, "lr": 0.001, "regret": 0.02848015949130058, "total_duration": 5.13552188873291}