{"_timestamp": 1746205678.3728325, "_runtime": 20.420583807, "_step": 6, "train_time": 17.608479499816895, "lr": 0.001, "epoch_duration": 5.6385486125946045, "grad_norm": 0.15885228504592713, "epoch": 2, "train_loss": 0.025196095113642514, "regret": 0.02801618546247482, "total_duration": 18.258243083953857}