{"epoch": 0, "epoch_duration": 65.33389091491699, "_runtime": 99.924880773, "_step": 3, "train_loss": 0.030482679256238043, "train_time": 65.33389091491699, "grad_norm": 0.01960370358491364, "lr": 0.002, "_timestamp": 1748896517.3311024, "Mean relative regret": 0.22878268820258502, "Std relative regret": 0.036638050911152756, "norm_diff_mu": 237.64431762695312, "total_duration": 66.39915013313293, "best_epoch": 0, "best_relat_regret": 0.22878268820258502, "test/mean_relative_regret": 0.21031640470027924, "test/std_relative_regret": 0.03550779074430466}