{"_step": 29, "train_loss": 0.042403182247653604, "epoch_duration": 4.33056378364563, "train_time": 63.09276223182678, "grad_norm": 0.6850801144254443, "lr": 0.002, "_timestamp": 1748897631.407597, "_runtime": 81.992630388, "epoch": 13, "Mean relative regret": 0.18622011855182538, "Std relative regret": 0.039784662984451324, "best_epoch": 13, "best_relat_regret": 0.18622011855182538, "total_duration": 76.76169967651367, "test/mean_relative_regret": 0.14354509115219116, "test/std_relative_regret": 0.03580451384186745}