{"lr": 0.002, "_runtime": 109.524694233, "_step": 13, "epoch_duration": 51.107614278793335, "train_time": 105.22190070152283, "grad_norm": 0.02688008355059515, "epoch": 5, "train_loss": 0.01165227615274489, "_timestamp": 1748545710.955236, "norm_diff_mu": 99.97509765625, "Mean relative regret": 0.16417723894119263, "Std relative regret": 0.04893433675169945, "total_duration": 106.4511284828186, "best_epoch": 5, "best_relat_regret": 0.16417723894119263, "test/mean_relative_regret": 0.14497290551662445, "test/std_relative_regret": 0.05378418788313866}