{"train_loss": -5.257590159773827, "train_time": 6.374941110610962, "grad_norm": 27.17194398138865, "lr": 0.002, "_step": 3, "epoch": 1, "epoch_duration": 0.11438870429992676, "mu_diff": 1.881848931312561, "_timestamp": 1746540575.9274094, "_runtime": 7.4185263, "regret": 0.03087882071733475, "mu_diff_norm": 42.08624267578125, "total_duration": 6.946552991867065}