{"epoch_duration": 0.03413534164428711, "_runtime": 602.737825585, "_step": 9210, "epoch": 7674, "train_loss": 0.0001752862135617761, "train_time": 280.20243191719055, "grad_norm": 0.008286570630555328, "lr": 1.52587890625e-08, "_timestamp": 1748535306.8801503, "Mean relative regret": 0.16510333120822906, "Std relative regret": 0.051252417266368866, "test/mean_relative_regret": 0.13851234316825867, "test/std_relative_regret": 0.055148594081401825}