{"_runtime": 6.436068041, "_step": 2, "epoch": 1, "lr": 0.001, "mu_diff": 7.640236854553223, "_timestamp": 1746715438.9910564, "train_loss": 0.8993600085377693, "epoch_duration": 1.1240859031677246, "train_time": 2.437495470046997, "grad_norm": 2.8272898293767232, "mu_diff_norm": 170.86709594726562, "regret": 0.030722863674163818}