{"train_loss": 7.326896220445633, "epoch_duration": 8.80968451499939, "train_time": 1293.40740609169, "lr": 1.000873346435987e-06, "_timestamp": 1745867392.295842, "_runtime": 1557.508863818, "_step": 180, "epoch": 149, "grad_norm": 2.1721778714305917, "regret": 24.87, "total_duration": 1555.0505080223083}