{"epoch": 1, "train_loss": 0.351082282140851, "epoch_duration": 1.7718470096588135, "_runtime": 10.000154674, "train_time": 6.390055179595947, "grad_norm": 2.711048977917027, "lr": 0.001, "_timestamp": 1746474222.4338043, "_step": 4, "regret": 0.028889426589012147, "total_duration": 7.549628734588623}