{"_step": 0, "lr": 0.002, "_timestamp": 1748644255.3696146, "_runtime": 46.170068815, "epoch": 0, "train_loss": 0.994525607675314, "epoch_duration": 43.30565667152405, "train_time": 43.30565667152405, "grad_norm": 2.9265835140263703}