{"train_loss": 0.0003449305168032879, "epoch_duration": 0.03325819969177246, "_timestamp": 1748898918.8140059, "_step": 10726, "_runtime": 2074.166886774, "epoch": 8937, "train_time": 300.0065984725952, "grad_norm": 0.005662985833176994, "lr": 1e-06, "Mean relative regret": 0.18004315379199504, "Std relative regret": 0.03414120201008652, "total_duration": 2068.720499277115, "best_epoch": 359, "best_relat_regret": 0.17824218057323155, "test/mean_relative_regret": 0.13943712413311005, "test/std_relative_regret": 0.03570402413606644}