{"train_loss": 0.00020136680905125104, "epoch_duration": 0.03360581398010254, "train_time": 60.0287184715271, "grad_norm": 0.009539811617838368, "_timestamp": 1748525379.0491982, "_runtime": 260.316197294, "_step": 2003, "epoch": 1668, "lr": 0.0005, "Mean relative regret": 0.17259013652801514, "Std relative regret": 0.049962032586336136, "test/mean_relative_regret": 0.14164885878562927, "test/std_relative_regret": 0.05403319373726845}