{"epoch": 9, "lr": 0.002, "_timestamp": 1746564569.9267187, "_step": 11, "train_loss": 0.3019431605935097, "epoch_duration": 1.4960048198699951, "train_time": 35.359798431396484, "grad_norm": 2.082680574933924, "mu_diff": 3.447908878326416, "_runtime": 36.913461767, "mu_diff_norm": 78.6942138671875, "regret": 0.030258067697286607}