{"train_loss": 0.0230392076773569, "train_time": 6.127302408218384, "grad_norm": 0.5022148833579717, "lr": 0.001, "_runtime": 8.975139942, "epoch": 4, "epoch_duration": 1.1848747730255127, "_timestamp": 1746127658.1512153, "_step": 6, "regret": 0.030961695089936257, "total_duration": 6.712907314300537}