{"epoch_duration": 1.2560839653015137, "lr": 0.001, "_step": 11, "epoch": 9, "train_loss": 0.2655284162610769, "train_time": 12.445919275283813, "grad_norm": 2.624160649311511, "mu_diff": 7.640236854553223, "_timestamp": 1746715674.8644571, "_runtime": 15.724990961, "regret": 0.028205420672893524, "mu_diff_norm": 170.86709594726562}