{"epoch_duration": 4.349432945251465, "train_time": 62.849406480789185, "lr": 0.002, "_runtime": 82.169057564, "_step": 29, "epoch": 13, "train_loss": 0.040103994542732835, "grad_norm": 0.6338091944803971, "_timestamp": 1748896603.6391642, "Std relative regret": 0.03375498860932375, "Mean relative regret": 0.19152874927417415, "total_duration": 76.62293291091919, "best_epoch": 13, "best_relat_regret": 0.19152874927417415, "test/mean_relative_regret": 0.14192865788936615, "test/std_relative_regret": 0.03404154255986214}