{"epoch": 6, "lr": 0.001, "_runtime": 787.34468306, "train_loss": 26.246484398841858, "epoch_duration": 108.95437240600586, "train_time": 702.5543169975281, "grad_norm": 48.827758969907535, "_timestamp": 1748963268.5509524, "_step": 10, "Mean relative regret": 0.38364506690239175, "Std relative regret": 0.0978207439573982, "total_duration": 784.437493801117, "best_epoch": 3, "best_relat_regret": 0.37458691322716237}