{"epoch_duration": 4.371127367019653, "grad_norm": 0.5214721653565885, "lr": 0.002, "train_loss": 0.03131671994924545, "train_time": 302.4656856060028, "_timestamp": 1748897340.9669864, "_runtime": 374.834612499, "_step": 137, "epoch": 67, "Mean relative regret": 0.18548385161934383, "Std relative regret": 0.04079227793451338, "total_duration": 369.38836669921875, "best_epoch": 64, "best_relat_regret": 0.1825088104940679, "test/mean_relative_regret": 0.1364513337612152, "test/std_relative_regret": 0.03505127131938934}