{"_runtime": 1810.06556184, "_timestamp": 1748549550.0662565, "train_loss": 0.0017821064175223, "epoch_duration": 1.661224126815796, "train_time": 1612.1132860183716, "grad_norm": 0.009593992332082985, "lr": 3.125e-05, "_step": 1929, "epoch": 963, "Mean relative regret": 0.16542941331863403, "Std relative regret": 0.052934009581804276, "total_duration": 1801.3420667648315, "best_epoch": 21, "best_relat_regret": 0.148945614695549, "test/mean_relative_regret": 0.13005532324314117, "test/std_relative_regret": 0.05090600997209549}