{"_runtime": 69.496361235, "_step": 65, "train_loss": 0.005011406930861995, "epoch_duration": 1.6806385517120361, "grad_norm": 0.022637810808881345, "lr": 0.002, "_timestamp": 1748545701.171215, "epoch": 31, "train_time": 54.37876534461975, "Std relative regret": 0.05095162242650986, "Mean relative regret": 0.1478310525417328, "best_epoch": 25, "best_relat_regret": 0.14536769688129425, "total_duration": 60.703808307647705, "test/mean_relative_regret": 0.13132156431674957, "test/std_relative_regret": 0.05306373909115791}