{"_runtime": 104.723878055, "epoch": 3, "epoch_duration": 14.986615896224976, "grad_norm": 2.4435986046763936, "lr": 0.002, "_timestamp": 1748612488.3214338, "train_loss": 0.177279531955719, "train_time": 62.51055550575256, "_step": 9, "Mean relative regret": 0.1863803118467331, "Std relative regret": 0.05326642841100693, "norm_diff_mu": 105.0147705078125, "best_relat_regret": 0.1863803118467331, "total_duration": 63.310821294784546, "best_epoch": 3, "test/std_relative_regret": 0.05408872291445732, "test/mean_relative_regret": 0.1509062647819519}