{"_step": 1427, "train_loss": 0.0011989690210612025, "train_time": 300.0116331577301, "_timestamp": 1748883605.8142178, "_runtime": 427.152917149, "epoch": 712, "epoch_duration": 0.4198005199432373, "grad_norm": 0.008536638137155219, "lr": 0.002, "Std relative regret": 0.044562524329167144, "norm_diff_mu": 221.13922119140625, "Mean relative regret": 0.16353476125900074, "total_duration": 424.35287284851074, "best_epoch": 15, "best_relat_regret": 0.15344741054004327, "test/std_relative_regret": 0.05092485621571541, "test/mean_relative_regret": 0.13479547202587128}