{"train_loss": 0.03302863833960146, "epoch_duration": 27.619497060775757, "train_time": 2945.931700229645, "lr": 0.0005, "_timestamp": 1747325101.6409082, "_step": 120, "epoch": 99, "grad_norm": 0.07581940142613648, "mu_diff": 39.8330192565918, "_runtime": 2958.495035136, "regret": 0.02605541601777077, "mu_diff_norm": 891.537109375, "regret_relatif": 0.1935424917936325, "total_duration": 2956.4079298973083}