{"train_time": 297.4971721172333, "grad_norm": 0.024055334395981114, "_timestamp": 1748539629.9263935, "lr": 0.002, "_runtime": 306.432626225, "_step": 43, "epoch": 20, "train_loss": 0.005360388895496726, "epoch_duration": 48.89201068878174, "Mean relative regret": 0.14928558468818665, "Std relative regret": 0.04894677922129631, "norm_diff_mu": 74.88447570800781, "total_duration": 302.4691240787506, "best_epoch": 20, "best_relat_regret": 0.14928558468818665, "test/mean_relative_regret": 0.13088838756084442, "test/std_relative_regret": 0.05256924033164978}