{"epoch": 19, "train_loss": 15.56437462568283, "epoch_duration": 128.16285872459412, "_timestamp": 1745435978.7127755, "_runtime": 2355.325547921, "_step": 20, "total_duration": 2354.9225833415985}