{"_timestamp": 1746205695.5418258, "_runtime": 16.079174786, "epoch": 2, "lr": 0.002, "train_time": 15.417551040649414, "grad_norm": 0.3269385670666483, "_step": 4, "train_loss": 0.01327386760385707, "epoch_duration": 4.602266073226929, "regret": 0.031405336111783984, "mu_diff_norm": 73.33718872070312, "total_duration": 15.636066436767578}