{"_timestamp": 1748537438.7587037, "_step": 23597, "epoch": 19664, "grad_norm": 0.007838249243289318, "train_time": 698.2987830638885, "lr": 1.52587890625e-08, "_runtime": 1473.894527586, "train_loss": 0.00017499070054327603, "epoch_duration": 0.03423953056335449, "Mean relative regret": 0.1653924584388733, "Std relative regret": 0.05477836728096008}