{"_step": 240, "epoch": 199, "train_loss": 20.37193101644516, "epoch_duration": 7.976938962936401, "train_time": 1586.2152926921844, "_timestamp": 1745551106.6399136, "_runtime": 2588.414091306, "regret": 25.41, "total_duration": 2586.315206050873}