{"train_loss": 0.017162847449071705, "train_time": 203.55311584472656, "lr": 0.001, "epoch": 143, "epoch_duration": 1.4106736183166504, "grad_norm": 0.5128821703337443, "_timestamp": 1746804259.729009, "_runtime": 215.169643506, "_step": 172, "regret": 0.02198517434298992}