{"_timestamp": 1746716136.2640586, "epoch": 136, "train_loss": 0.7729051671922207, "epoch_duration": 1.2860703468322754, "grad_norm": 5.989664590967487, "mu_diff": 37.09134292602539, "train_time": 317.21952962875366, "lr": 0.0005, "_runtime": 333.645547863, "_step": 164, "regret": 0.026321083456277847, "mu_diff_norm": 830.8136596679688}