{"grad_norm": 0.013573892956267103, "lr": 0.002, "_runtime": 1995.223300595, "_step": 339, "epoch_duration": 10.672629356384277, "train_loss": 0.00678791941027157, "train_time": 1808.8394486904144, "_timestamp": 1748899344.7737887, "epoch": 168, "Mean relative regret": 0.1550812073669252, "Std relative regret": 0.034609676910616276, "best_relat_regret": 0.1503293810654727, "total_duration": 1989.668366909027, "best_epoch": 59, "test/mean_relative_regret": 0.1212189793586731, "test/std_relative_regret": 0.031123051419854164}