{"grad_norm": 0.012677739594507709, "_timestamp": 1748551387.0784056, "epoch": 108, "epoch_duration": 14.52673864364624, "lr": 0.002, "_runtime": 1815.279855898, "_step": 219, "train_loss": 0.004508980840910226, "train_time": 1773.3218619823456, "Mean relative regret": 0.15260881185531616, "Std relative regret": 0.038052745163440704, "norm_diff_mu": 107.33509063720703, "best_relat_regret": 0.14431899785995483, "total_duration": 1811.3381261825562, "best_epoch": 23, "test/std_relative_regret": 0.038589440286159515, "test/mean_relative_regret": 0.12800361216068268}