{"epoch": 162, "lr": 0.0005, "grad_norm": 0.013255622112849424, "_timestamp": 1748539602.575646, "_runtime": 303.820461661, "_step": 327, "train_loss": 0.0026532715564826503, "epoch_duration": 1.6479804515838623, "train_time": 269.47108483314514, "Std relative regret": 0.053151462227106094, "Mean relative regret": 0.15277217328548431, "total_duration": 301.0847713947296, "best_epoch": 20, "best_relat_regret": 0.14633579552173615, "test/mean_relative_regret": 0.12962773442268372, "test/std_relative_regret": 0.05146627500653267}