{"grad_norm": 0.001143813357983088, "lr": 0.00025, "_timestamp": 1746470039.0499916, "_step": 120, "train_time": 1576.0081355571747, "train_loss": 0.037185025750659406, "epoch_duration": 3.683088779449463, "_runtime": 1734.978995352, "epoch": 99, "regret": 0.030577083826065065, "mu_diff_norm": 92.53781127929688, "total_duration": 1602.6749908924103}