{"epoch": 28, "train_time": 54.73867583274841, "grad_norm": 0.03165907296330747, "lr": 0.002, "_runtime": 69.538945052, "_step": 59, "train_loss": 0.006842050468549132, "epoch_duration": 1.8626377582550049, "_timestamp": 1748545701.215397, "Mean relative regret": 0.14461927115917206, "Std relative regret": 0.053026679903268814, "total_duration": 60.42705416679382, "best_epoch": 24, "best_relat_regret": 0.14430975914001465, "test/mean_relative_regret": 0.12571297585964203, "test/std_relative_regret": 0.05114549770951271}