{"_step": 30, "train_loss": 13.573828101158142, "grad_norm": 0.5964089809254722, "train_time": 782.5342268943787, "lr": 0.001666, "_timestamp": 1745852682.9693942, "_runtime": 803.668576608, "epoch": 14, "epoch_duration": 10.468471765518188, "regret": 12.5, "total_duration": 803.1588499546051}