{"lr": 0.001, "_timestamp": 1748580131.6527264, "_runtime": 302.913528384, "epoch": 288, "epoch_duration": 0.8498163223266602, "train_time": 246.79080986976624, "grad_norm": 0.573300306072288, "_step": 579, "train_loss": 0.012445078289601952, "Mean relative regret": 0.1702692061662674, "Std relative regret": 0.05434897541999817, "total_duration": 300.05187916755676, "best_epoch": 112, "best_relat_regret": 0.16420790553092957, "test/mean_relative_regret": 0.13926751911640167, "test/std_relative_regret": 0.05358279123902321}