{"train_loss": 0.004347962734755129, "_timestamp": 1748883169.371163, "_step": 153, "epoch": 75, "epoch_duration": 0.7924487590789795, "train_time": 60.650975704193115, "grad_norm": 0.02234305758121816, "lr": 0.002, "_runtime": 87.291760658, "Mean relative regret": 0.15564976005313996, "Std relative regret": 0.03723334349210377, "norm_diff_mu": 151.2034149169922, "total_duration": 83.9941668510437, "best_epoch": 22, "best_relat_regret": 0.14809654730014882, "test/std_relative_regret": 0.035011205822229385, "test/mean_relative_regret": 0.12880027294158936}