{"train_loss": 0.3476778697222471, "epoch_duration": 1.7778058052062988, "grad_norm": 2.7216550054628232, "lr": 0.001, "_timestamp": 1746539760.5862992, "_step": 4, "epoch": 1, "train_time": 8.947344779968262, "_runtime": 154.387266698, "regret": 0.027552448511123658, "total_duration": 12.45088815689087}