{"_timestamp": 1748918418.0231102, "train_time": 1800.022227525711, "grad_norm": 0.012098411907395397, "lr": 1e-06, "_runtime": 1893.68248335, "_step": 45129, "epoch": 44681, "train_loss": 0.0009086319550988264, "epoch_duration": 0.03963804244995117, "Mean relative regret": 0.1730729235445208, "Std relative regret": 0.05305905744127275, "total_duration": 1890.473153591156, "best_epoch": 99, "best_relat_regret": 0.1687225745272417, "test/mean_relative_regret": 0.13933314383029938, "test/std_relative_regret": 0.05395999923348427}