{"epoch_duration": 2.0754220485687256, "lr": 0.00025, "_runtime": 603.398924359, "_step": 525, "epoch": 261, "train_loss": 0.002798374611302279, "_timestamp": 1748535304.7318254, "train_time": 543.249190568924, "grad_norm": 0.013959835743939423, "Std relative regret": 0.04694283381104469, "Mean relative regret": 0.15729311108589172, "total_duration": 600.4626996517181, "best_epoch": 26, "best_relat_regret": 0.14404630661010742, "test/mean_relative_regret": 0.12492434680461884, "test/std_relative_regret": 0.05212976783514023}