{"epoch": 99, "train_loss": 0.4644964970648289, "epoch_duration": 8.172878503799438, "train_time": 1330.5011382102966, "grad_norm": 8.313205571208103, "lr": 0.0010000000474974513, "_timestamp": 1745945394.5277975, "_runtime": 1340.27661574, "_step": 120, "regret": 11.38, "total_duration": 1338.1536574363708}