{"epoch": 1, "train_loss": 0.34814947098493576, "train_time": 3.753453016281128, "lr": 0.001, "_timestamp": 1746474565.1054363, "epoch_duration": 1.7558908462524414, "grad_norm": 2.731424768117564, "_runtime": 7.114088833, "_step": 4, "regret": 0.0279416636377573, "total_duration": 4.854230880737305}