{"train_loss": 0.04312519286759198, "epoch_duration": 14.721062183380127, "_runtime": 303.005277436, "epoch": 19, "train_time": 296.28062987327576, "grad_norm": 1.097637390465104, "lr": 0.002, "_timestamp": 1748612881.643285, "_step": 41, "Std relative regret": 0.057531800121068954, "norm_diff_mu": 5.114730358123779, "Mean relative regret": 0.171574667096138, "total_duration": 300.07693815231323, "best_epoch": 19, "best_relat_regret": 0.171574667096138, "test/mean_relative_regret": 0.14259503781795502, "test/std_relative_regret": 0.054900094866752625}