{"epoch_duration": 29.057004690170288, "train_time": 3259.1268153190613, "grad_norm": 0.06966620139935648, "_step": 120, "_timestamp": 1747150789.921191, "_runtime": 3275.023124882, "epoch": 99, "train_loss": 0.03051872062496841, "lr": 0.001, "mu_diff": 40.22075653076172, "regret": 0.025895095467567443, "mu_diff_norm": 900.2205810546875, "regret_relatif": 0.19215716361999513, "total_duration": 3270.1357986927032}