{"_timestamp": 1745504496.4027617, "_runtime": 1401.201493451, "_step": 119, "epoch": 59, "train_loss": 8.984076917171478, "epoch_duration": 8.735709428787231, "regret": 25.76}