{"_step": 6, "epoch": 2, "grad_norm": 0.16121224063546966, "_runtime": 17.644009358, "lr": 0.001, "_timestamp": 1746130770.7370572, "train_loss": 0.022987601696513593, "epoch_duration": 4.683169841766357, "train_time": 14.10586142539978, "regret": 0.026927169933915137, "total_duration": 15.490157127380371}