{"_step": 363, "epoch_duration": 1.342475175857544, "_timestamp": 1748605331.775035, "_runtime": 304.549946554, "grad_norm": 0.6242856564536395, "lr": 0.002, "epoch": 180, "train_loss": 0.026335551985539496, "train_time": 243.86405515670776, "Mean relative regret": 0.1645759493112564, "Std relative regret": 0.040508296340703964, "total_duration": 301.28823947906494, "best_epoch": 134, "best_relat_regret": 0.1601974070072174, "test/mean_relative_regret": 0.1334982067346573, "test/std_relative_regret": 0.03943316638469696}