{"epoch_duration": 0.03404664993286133, "grad_norm": 0.007958916671741232, "_timestamp": 1748574176.6012452, "_step": 4944, "train_loss": 0.0001749883213051362, "train_time": 143.73995995521545, "lr": 1e-06, "_runtime": 303.115470742, "epoch": 4119, "Mean relative regret": 0.160164937376976, "Std relative regret": 0.052869271486997604, "test/mean_relative_regret": 0.1383056938648224, "test/std_relative_regret": 0.0539860725402832}