{"epoch_duration": 2.778015375137329, "train_time": 793.373539686203, "lr": 0.00025, "_timestamp": 1746461049.0566957, "_runtime": 798.224234467, "_step": 120, "epoch": 99, "train_loss": 0.013478174863848835, "grad_norm": 0.0002021436791680762, "mu_diff_norm": 61.0726318359375, "regret": 0.030518805086612703, "total_duration": 797.8067939281464}