{"epoch": 3, "train_loss": 0.021424459875561297, "grad_norm": 0.04041679678710536, "_timestamp": 1748545778.4902291, "_runtime": 68.816523602, "_step": 9, "epoch_duration": 15.999098300933838, "train_time": 64.31669878959656, "lr": 0.002, "Mean relative regret": 0.16728411614894867, "Std relative regret": 0.042643073946237564, "total_duration": 65.64474558830261, "best_epoch": 3, "best_relat_regret": 0.16728411614894867, "test/mean_relative_regret": 0.1516895741224289, "test/std_relative_regret": 0.03991173580288887}