{"grad_norm": 0.5402851512260027, "lr": 1.953125e-06, "_timestamp": 1748583486.9017289, "train_loss": 0.009900870500132442, "epoch_duration": 0.8370003700256348, "_runtime": 1803.94744901, "_step": 3487, "epoch": 1742, "train_time": 1480.1817908287048, "Mean relative regret": 0.16600093245506287, "Std relative regret": 0.04851135239005089, "total_duration": 1800.9429733753204, "best_epoch": 197, "best_relat_regret": 0.16247253119945526, "test/mean_relative_regret": 0.14109382033348083, "test/std_relative_regret": 0.05491096153855324}