{"train_time": 3529.8716576099396, "grad_norm": 19.800204195593547, "lr": 0.001, "_runtime": 3616.751820694, "epoch": 14, "train_loss": 8.39894512295723, "epoch_duration": 127.62938380241394, "_timestamp": 1745865662.9443815, "_step": 30, "regret": 8.43, "total_duration": 3614.2282984256744}