{"train_loss": 0.0037386463372968137, "lr": 0.002, "_step": 103, "_runtime": 626.026105231, "epoch": 50, "epoch_duration": 47.88453412055969, "train_time": 596.8276693820953, "grad_norm": 0.018416648578963298, "_timestamp": 1748535475.580163, "Mean relative regret": 0.15343961119651794, "Std relative regret": 0.05114841088652611, "norm_diff_mu": 31.85416030883789, "total_duration": 607.2776753902435, "best_epoch": 43, "best_relat_regret": 0.15049922466278076, "test/std_relative_regret": 0.051834750920534134, "test/mean_relative_regret": 0.1311761885881424}