{"epoch": 119, "epoch_duration": 0.1043241024017334, "mu_diff": 149.2520751953125, "_timestamp": 1747163555.998761, "_runtime": 158.421573462, "train_loss": 0.19299371519591446, "train_time": 142.60403394699097, "grad_norm": 12.160678311297495, "lr": 0.002, "_step": 143, "regret": 0.030668517649173735, "mu_diff_norm": 3337.85693359375, "regret_relatif": 0.22699961066246033}