{"_timestamp": 1746556291.8374138, "_runtime": 491.598365048, "_step": 360, "epoch": 299, "train_time": 468.4848482608795, "grad_norm": 0.47605052831717165, "lr": 0.000125, "train_loss": 0.015521317371167243, "epoch_duration": 1.5553019046783447, "regret": 0.022221294716000557, "total_duration": 489.3919358253479}