{"epoch": 33, "train_loss": 0.022554601542651653, "train_time": 49.618884563446045, "_timestamp": 1748579819.9381266, "_runtime": 63.643458909, "epoch_duration": 1.462050437927246, "grad_norm": 0.62294222765137, "lr": 0.002, "_step": 69, "Mean relative regret": 0.16953201591968536, "Std relative regret": 0.0390096940100193, "total_duration": 60.415146350860596, "best_epoch": 30, "best_relat_regret": 0.16718226671218872, "test/mean_relative_regret": 0.131495863199234, "test/std_relative_regret": 0.03804997727274895}