{"train_time": 300.0374631881714, "lr": 7.8125e-06, "_timestamp": 1748887984.5815651, "_step": 14519, "epoch_duration": 0.04032635688781738, "train_loss": 0.002273373116622679, "grad_norm": 0.007132106112913788, "_runtime": 2581.371492533, "epoch": 7258, "Std relative regret": 0.037106295636147625, "Mean relative regret": 0.17297255671030037, "best_epoch": 24, "best_relat_regret": 0.1532558251667383, "total_duration": 2578.0716166496277, "test/mean_relative_regret": 0.1313852220773697, "test/std_relative_regret": 0.037756867706775665}