{"epoch": 3044, "grad_norm": 0.007308329383998052, "_runtime": 303.42093188, "_step": 3654, "train_loss": 0.00025091349925787654, "epoch_duration": 0.033620357513427734, "train_time": 104.24361848831177, "lr": 1.953125e-06, "_timestamp": 1748546391.879165, "Std relative regret": 0.03659886494278908, "Mean relative regret": 0.15985503792762756, "test/mean_relative_regret": 0.13254038989543915, "test/std_relative_regret": 0.03916037082672119}