{"train_loss": 0.0027346317656338215, "epoch_duration": 0.7609133720397949, "grad_norm": 0.00792744470611482, "_timestamp": 1748882090.541955, "_step": 1557, "epoch": 777, "lr": 0.002, "_runtime": 855.408777669, "train_time": 600.5046689510345, "Mean relative regret": 0.1658777443568996, "Std relative regret": 0.038646567806324895, "norm_diff_mu": 265.1835632324219, "total_duration": 852.0048441886902, "best_epoch": 19, "best_relat_regret": 0.14499973377831807, "test/mean_relative_regret": 0.13089604675769806, "test/std_relative_regret": 0.039125606417655945}