{"mu_diff": 4.3412675857543945, "_runtime": 312.698766204, "_step": 120, "train_time": 299.9830379486084, "grad_norm": 2.0314471791604265, "lr": 0.001, "_timestamp": 1746565051.8390114, "epoch": 99, "train_loss": -0.025937840342521667, "epoch_duration": 1.4023292064666748, "regret": 0.030151125118136404, "mu_diff_norm": 102.659423828125, "total_duration": 310.5282311439514}