{"train_loss": 0.02406756381969899, "epoch_duration": 68.91507768630981, "_timestamp": 1748896957.0582814, "_runtime": 341.942113307, "epoch": 4, "grad_norm": 0.025192231330426446, "lr": 0.002, "_step": 11, "train_time": 330.3102796077728, "Std relative regret": 0.035657722924793536, "norm_diff_mu": 210.34255981445312, "Mean relative regret": 0.19247384498674489, "best_relat_regret": 0.19247384498674489, "total_duration": 335.70808815956116, "best_epoch": 4, "test/std_relative_regret": 0.03356856480240822, "test/mean_relative_regret": 0.16755995154380798}