{"train_time": 268.49529576301575, "lr": 0.002, "_step": 325, "epoch": 161, "train_loss": 0.002605849425890483, "epoch_duration": 1.6531999111175537, "grad_norm": 0.012717805257697497, "_timestamp": 1748546109.3154202, "_runtime": 302.94887574, "Mean relative regret": 0.15774910151958466, "Std relative regret": 0.05316238850355148, "best_relat_regret": 0.14616946876049042, "total_duration": 300.04060077667236, "best_epoch": 19, "test/mean_relative_regret": 0.13011188805103302, "test/std_relative_regret": 0.051039405167102814}