{"train_loss": 3.245402380824089, "train_time": 8027.342839002609, "grad_norm": 12.944274989868113, "_timestamp": 1746215407.8966506, "_runtime": 8978.595932038, "epoch": 399, "epoch_duration": 8.879709005355835, "lr": 0.002, "_step": 480, "regret": 12.68, "mu_diff_norm": 362.9111022949219, "total_duration": 8848.506120443344}