{"grad_norm": 0.008382360191604649, "lr": 0.002, "_timestamp": 1748879928.0240219, "_runtime": 429.889738697, "_step": 1455, "epoch": 726, "epoch_duration": 0.41195201873779297, "train_loss": 0.0011079108735430054, "train_time": 300.36739134788513, "Mean relative regret": 0.1685609108683404, "Std relative regret": 0.05263854069923704, "norm_diff_mu": 225.51907348632812, "total_duration": 427.00237369537354, "best_epoch": 15, "best_relat_regret": 0.15742951084740986, "test/mean_relative_regret": 0.13403305411338806, "test/std_relative_regret": 0.05050186440348625}