{"mu_diff": 1.5002943277359009, "_timestamp": 1746557156.3366024, "epoch": 299, "grad_norm": 1.6317612613538264, "lr": 0.00025, "_runtime": 862.99035936, "_step": 360, "train_loss": 0.003310404601506889, "epoch_duration": 0.10175442695617676, "train_time": 829.6498816013336, "regret": 0.030816368609666824, "mu_diff_norm": 33.61256408691406, "total_duration": 862.5930609703064}