{"epoch_duration": 2.070753335952759, "grad_norm": 0.03277478588474124, "lr": 0.002, "_timestamp": 1748533973.3465865, "_runtime": 104.282253345, "_step": 51, "epoch": 24, "train_loss": 0.007170276250690222, "train_time": 56.0546600818634, "Std relative regret": 0.051030565053224564, "Mean relative regret": 0.13991913199424744, "total_duration": 61.4860565662384, "best_epoch": 24, "best_relat_regret": 0.13991913199424744, "test/std_relative_regret": 0.05123332142829895, "test/mean_relative_regret": 0.12623761594295502}