{"epoch_duration": 4.722084283828735, "grad_norm": 0.164290986414804, "_timestamp": 1746202660.6882646, "_step": 6, "epoch": 2, "train_time": 14.818199872970581, "lr": 0.001, "_runtime": 17.729991512, "train_loss": 0.02400978049263358, "regret": 0.027934919893741608, "total_duration": 15.4847993850708}