{"_runtime": 1711.095775966, "_step": 200, "epoch": 199, "train_loss": 0.7926611565053463, "epoch_duration": 7.94836688041687, "_timestamp": 1745433600.8719795, "total_duration": 1624.0328130722046}