{"_step": 767, "epoch_duration": 0.7816643714904785, "train_loss": 0.0029356484301388264, "train_time": 300.3842673301697, "grad_norm": 0.011097989656102179, "lr": 0.002, "_timestamp": 1748884041.5015125, "_runtime": 427.496358203, "epoch": 382, "Mean relative regret": 0.15967003716204867, "Std relative regret": 0.038801543588954907, "norm_diff_mu": 194.8245849609375, "total_duration": 424.2578992843628, "best_epoch": 15, "best_relat_regret": 0.1478578214036677, "test/std_relative_regret": 0.03664414584636688, "test/mean_relative_regret": 0.13164792954921722}