{"train_loss": 0.008045336959185079, "grad_norm": 0.022077828149089655, "lr": 0.002, "_timestamp": 1748535938.309658, "_runtime": 620.935681324, "epoch": 21, "train_time": 610.4264109134674, "_step": 45, "epoch_duration": 28.202162742614746, "Mean relative regret": 0.14175629615783691, "Std relative regret": 0.03793822601437569, "total_duration": 617.6958832740784, "best_epoch": 20, "best_relat_regret": 0.1416485458612442, "test/std_relative_regret": 0.03821380063891411, "test/mean_relative_regret": 0.12950576841831207}