{"train_loss": 0.00016849601070134668, "epoch_duration": 0.03362011909484863, "train_time": 600.0185220241547, "lr": 1.52587890625e-08, "_runtime": 1262.724243726, "_step": 21393, "epoch": 17826, "grad_norm": 0.008227708306607578, "_timestamp": 1748528346.76035, "Std relative regret": 0.05201433226466179, "Mean relative regret": 0.1590191274881363, "test/mean_relative_regret": 0.13761289417743683, "test/std_relative_regret": 0.053995613008737564}