{"train_loss": 0.012136043340433389, "epoch_duration": 31.80765175819397, "train_time": 348.9153594970703, "grad_norm": 0.046112925355396524, "lr": 0.002, "_step": 13, "epoch": 10, "_timestamp": 1746798045.0729709, "_runtime": 352.115847797, "regret": 0.018965854048728942}