{"lr": 0.001, "_runtime": 9.373771591, "_step": 4, "epoch": 1, "train_loss": 0.34399441815912724, "epoch_duration": 1.7845706939697266, "grad_norm": 2.689511498843891, "train_time": 3.8114118576049805, "_timestamp": 1746540656.1923192, "regret": 0.02930695131421089, "total_duration": 4.9488561153411865}