{"train_time": 3.8228671550750732, "grad_norm": 2.7261671411509907, "_runtime": 9.130834906, "epoch_duration": 1.791926383972168, "train_loss": 0.3484730236232281, "lr": 0.001, "_timestamp": 1746540567.1929717, "_step": 4, "epoch": 1, "regret": 0.028885227590799332, "total_duration": 4.980222940444946}