{"epoch": 4, "grad_norm": 1.896270844774241, "_timestamp": 1746564531.776705, "train_loss": 0.17623446602374315, "epoch_duration": 1.6205992698669434, "train_time": 8.392539262771606, "lr": 0.001, "_runtime": 11.034151351, "_step": 6, "regret": 0.030114951133728026, "total_duration": 8.778653860092163}