{"epoch": 26, "train_loss": 0.0232179572340101, "lr": 1.0000000000000011e-20, "_timestamp": 1746128170.3879373, "epoch_duration": 1.1608974933624268, "train_time": 31.596335411071777, "grad_norm": 0, "_runtime": 37.779074273, "_step": 32, "regret": 0.030324229300022126}