{"epoch": 107, "train_loss": 0.004587982461089268, "epoch_duration": 14.677274465560913, "grad_norm": 0.012678626079014495, "lr": 0.002, "train_time": 1768.1745278835297, "_timestamp": 1748544886.0296009, "_runtime": 1809.925066394, "_step": 217, "Mean relative regret": 0.14816808700561523, "Std relative regret": 0.03523476421833038, "norm_diff_mu": 107.48792266845703, "best_epoch": 32, "best_relat_regret": 0.14511461555957794, "total_duration": 1805.8419332504272, "test/std_relative_regret": 0.03944345563650131, "test/mean_relative_regret": 0.12832696735858917}