{"_timestamp": 1748534379.631735, "_step": 325, "train_loss": 0.0025258237874368206, "epoch_duration": 1.6601309776306152, "grad_norm": 0.012261579604028985, "lr": 0.001, "_runtime": 303.197680108, "epoch": 161, "train_time": 269.02374267578125, "Std relative regret": 0.051082491874694824, "Mean relative regret": 0.15484066307544708, "total_duration": 300.56184434890747, "best_epoch": 27, "best_relat_regret": 0.14698615670204163, "test/mean_relative_regret": 0.13060316443443298, "test/std_relative_regret": 0.051600806415081024}