{"epoch_duration": 16.411168336868286, "train_time": 1768.6897745132446, "grad_norm": 0.015009107842355717, "_timestamp": 1748551279.9173632, "_runtime": 1808.647893652, "epoch": 107, "train_loss": 0.005083931522676721, "lr": 0.002, "_step": 217, "Mean relative regret": 0.133058562874794, "Std relative regret": 0.03551837056875229, "total_duration": 1805.3724105358124, "best_epoch": 36, "best_relat_regret": 0.12882253527641296, "test/mean_relative_regret": 0.12006083130836487, "test/std_relative_regret": 0.035887639969587326}