{"grad_norm": 0.007452809085313848, "lr": 1.5625e-05, "_timestamp": 1748539920.638629, "_runtime": 303.549327316, "epoch": 3008, "train_loss": 0.0002525498666727799, "epoch_duration": 0.03401780128479004, "train_time": 104.20550990104675, "_step": 3610, "Std relative regret": 0.04041751101613045, "Mean relative regret": 0.15568192303180695, "test/std_relative_regret": 0.03923773393034935, "test/mean_relative_regret": 0.13340990245342255}