{"train_loss": 0.206860919483006, "lr": 0.002, "_runtime": 1804.093087543, "epoch": 39, "epoch_duration": 45.080957889556885, "train_time": 1787.011148929596, "grad_norm": 2.4095885333316884, "_timestamp": 1748697429.9934149, "_step": 81, "Mean relative regret": 0.15701725632609909, "Std relative regret": 0.03938442735125384, "norm_diff_mu": 136.4676513671875, "total_duration": 1800.3449625968933, "best_epoch": 31, "best_relat_regret": 0.15540309244446124, "test/mean_relative_regret": 0.13692083954811096, "test/std_relative_regret": 0.03925439342856407}