{"epoch": 819, "train_loss": 0.00022892048673384124, "grad_norm": 0.01058234103310427, "_timestamp": 1748545700.449978, "_runtime": 68.771649626, "epoch_duration": 0.03445720672607422, "train_time": 28.91723394393921, "lr": 0.001, "_step": 984, "Mean relative regret": 0.16639341413974762, "Std relative regret": 0.05656550079584122, "test/mean_relative_regret": 0.14159490168094635, "test/std_relative_regret": 0.05460096895694733}