{"epoch_duration": 0.034505605697631836, "train_time": 143.76118087768555, "grad_norm": 0.008127285711391551, "lr": 6.103515625e-08, "epoch": 4139, "train_loss": 0.00016448486712761223, "_step": 4968, "_timestamp": 1748539607.9653184, "_runtime": 303.560640635, "Mean relative regret": 0.16392219066619873, "Std relative regret": 0.04840441793203354, "test/mean_relative_regret": 0.13872355222702026, "test/std_relative_regret": 0.055777598172426224}