{"train_time": 1198.1494598388672, "_timestamp": 1745595604.9311461, "_runtime": 1206.014396589, "_step": 30, "epoch": 14, "train_loss": 19.822070240974426, "epoch_duration": 16.02946138381958, "regret": 18.06, "total_duration": 1203.8259699344635}