{"lr": 0.0005, "_timestamp": 1746207328.708203, "_step": 8, "train_loss": 0.021038837963715196, "epoch_duration": 4.8508524894714355, "train_time": 29.304134607315063, "grad_norm": 0.15162253202532971, "_runtime": 31.89490979, "epoch": 5, "regret": 0.026956234872341157, "total_duration": 29.793909072875977}