{"train_loss": 0.013770528021268547, "train_time": 45.76659655570984, "grad_norm": 0.5191778535237321, "_timestamp": 1746207376.4036124, "_step": 8, "epoch": 5, "epoch_duration": 2.710644006729126, "lr": 0.001, "_runtime": 46.633428427, "regret": 0.03180240213871002, "mu_diff_norm": 71.85303497314453, "total_duration": 46.20873022079468}