{"epoch": 380, "_step": 763, "lr": 0.002, "_timestamp": 1748880365.73465, "_runtime": 429.445976785, "train_loss": 0.0030800535023445264, "epoch_duration": 0.7862589359283447, "train_time": 300.6037402153015, "grad_norm": 0.011350139942018733, "Mean relative regret": 0.16027546719176367, "Std relative regret": 0.03875008563458174, "norm_diff_mu": 193.21575927734375, "total_duration": 426.07616233825684, "best_epoch": 21, "best_relat_regret": 0.1456786015849155, "test/std_relative_regret": 0.038922909647226334, "test/mean_relative_regret": 0.1310804784297943}