{"epoch": 750, "train_loss": 0.000219382489376585, "epoch_duration": 0.035321712493896484, "train_time": 31.022337675094604, "lr": 0.001, "_timestamp": 1748533971.806629, "_runtime": 102.750338487, "grad_norm": 0.010368496090998231, "_step": 901, "Mean relative regret": 0.16393092274665833, "Std relative regret": 0.05102996900677681, "test/std_relative_regret": 0.05511635169386864, "test/mean_relative_regret": 0.140339195728302}