{"train_loss": 0.016800523968413472, "train_time": 72.1676652431488, "grad_norm": 0.018172913031406657, "lr": 0.002, "_step": 9, "epoch": 3, "epoch_duration": 12.900399208068848, "_timestamp": 1748525442.5391517, "_runtime": 76.814875593, "Mean relative regret": 0.18905864655971527, "Std relative regret": 0.044857751578092575, "norm_diff_mu": 159.45123291015625, "total_duration": 73.48654341697693, "best_epoch": 3, "best_relat_regret": 0.18905864655971527, "training_status": "time_limit", "test/mean_relative_regret": 0.16587278246879578, "test/std_relative_regret": 0.04223106801509857}