{"epoch": 6, "lr": 0.002, "_timestamp": 1748896606.4402697, "_runtime": 80.310010939, "_step": 15, "train_loss": 0.022581408615224063, "epoch_duration": 9.334972143173218, "train_time": 66.95553374290466, "grad_norm": 0.0278329243763516, "Mean relative regret": 0.18776352504247376, "Std relative regret": 0.03335064242741632, "total_duration": 74.45297527313232, "best_epoch": 6, "best_relat_regret": 0.18776352504247376, "test/std_relative_regret": 0.03213701397180557, "test/mean_relative_regret": 0.15826915204524994}