{"epoch_duration": 18.43783211708069, "train_time": 312.34640550613403, "_timestamp": 1748526110.487675, "_runtime": 322.259566128, "_step": 34, "epoch": 16, "grad_norm": 0.025927589610159583, "lr": 0.002, "train_loss": 0.009641162294428796, "Mean relative regret": 0.14120738208293915, "Std relative regret": 0.036374397575855255, "test/mean_relative_regret": 0.1211550310254097, "test/std_relative_regret": 0.036136139184236526}