{"epoch": 23, "train_loss": 0.0073956765118055046, "lr": 0.002, "_runtime": 78.536007867, "epoch_duration": 2.2549490928649902, "train_time": 54.55534815788269, "grad_norm": 0.03352934569318068, "_timestamp": 1748539191.3579562, "_step": 49, "Mean relative regret": 0.1463620513677597, "Std relative regret": 0.04583512991666794, "best_epoch": 21, "best_relat_regret": 0.14612388610839844, "total_duration": 60.35873079299927, "test/mean_relative_regret": 0.1270262598991394, "test/std_relative_regret": 0.05050664767622948}