{"epoch": 689, "train_loss": 0.00020360946473374497, "train_time": 29.35608959197998, "grad_norm": 0.008954336517611367, "lr": 0.0005, "_timestamp": 1748539190.9467769, "epoch_duration": 0.03639531135559082, "_runtime": 78.126611564, "_step": 828, "Mean relative regret": 0.16301685571670532, "Std relative regret": 0.05284366011619568, "test/mean_relative_regret": 0.13795840740203857, "test/std_relative_regret": 0.05296147242188454}