{"lr": 0.001, "_timestamp": 1748608730.2491848, "epoch": 185, "epoch_duration": 45.06635928153992, "grad_norm": 2.0796808709700483, "_runtime": 1823.228798993, "_step": 373, "train_loss": 0.07712469156831503, "train_time": 1782.961841583252, "norm_diff_mu": 203.7203369140625, "Mean relative regret": 0.161908820271492, "Std relative regret": 0.05471936985850334, "total_duration": 1819.2282671928406, "best_epoch": 131, "best_relat_regret": 0.16107797622680664, "test/std_relative_regret": 0.05490555241703987, "test/mean_relative_regret": 0.14252853393554688}