{"epoch_duration": 1.6513035297393799, "train_time": 2034.2117938995361, "grad_norm": 0.4724898356143761, "_timestamp": 1747168582.567472, "epoch": 799, "train_loss": 0.015060055011417717, "lr": 2.44140625e-07, "mu_diff": 935.2406005859375, "_runtime": 2120.464940234, "_step": 960, "regret_relatif": 0.231298565864563, "regret": 0.03134901329874992, "mu_diff_norm": 20915.421875, "total_duration": 2118.0085418224335}