{"_step": 180, "epoch": 149, "train_loss": 8.896857231855392, "epoch_duration": 9.004641771316528, "train_time": 1353.2402682304382, "_timestamp": 1745506565.8877556, "_runtime": 1750.678223107, "regret": 25.37, "total_duration": 1669.0669207572937}