{"epoch": 1, "grad_norm": 2.5797449997010387, "_runtime": 79.731535365, "train_loss": 0.2931978516280651, "epoch_duration": 1.8218393325805664, "train_time": 6.236785411834717, "lr": 0.001, "_timestamp": 1746543065.3993428, "_step": 4, "regret": 0.03157574020326138, "total_duration": 6.818767547607422}