{"epoch": 14, "train_loss": 14.105078160762787, "epoch_duration": 10.229417085647583, "_runtime": 1120.86255389, "_step": 30, "train_time": 986.9587988853455, "grad_norm": 0.8872860277236031, "lr": 0.001, "_timestamp": 1745858232.2616723, "regret": 12.19, "total_duration": 1006.1048526763916}