{"epoch_duration": 14.339243173599243, "lr": 0.002, "_timestamp": 1748527345.848778, "_step": 77, "epoch": 37, "train_loss": 0.006047970993677154, "train_time": 603.4001996517181, "grad_norm": 0.01662201847252593, "_runtime": 619.640159612, "Std relative regret": 0.03666624799370766, "norm_diff_mu": 143.86383056640625, "Mean relative regret": 0.14333106577396393, "total_duration": 616.2390334606171, "best_epoch": 22, "best_relat_regret": 0.14331643283367157, "training_status": "time_limit", "test/mean_relative_regret": 0.12805895507335663, "test/std_relative_regret": 0.037051472812891006}