{"epoch": 14, "train_loss": 19.809101819992065, "epoch_duration": 25.716457843780518, "train_time": 4333.896812677383, "_timestamp": 1745510926.2709224, "_runtime": 4357.740634745, "_step": 18, "regret": 18.33, "total_duration": 4357.307443618774}