{"epoch_duration": 0.03406214714050293, "grad_norm": 0.006610073600659506, "lr": 0.0005, "epoch": 1646, "train_loss": 0.00037286547922121827, "train_time": 60.01245975494385, "_timestamp": 1748896832.3490133, "_runtime": 414.943116978, "_step": 1977, "Mean relative regret": 0.18802355195077458, "Std relative regret": 0.037501530803063614, "best_relat_regret": 0.18268327954430608, "total_duration": 392.36386704444885, "best_epoch": 494, "test/mean_relative_regret": 0.14051522314548492, "test/std_relative_regret": 0.03408138081431389}