{"epoch": 14, "train_loss": 19.676171898841858, "epoch_duration": 9.403087377548218, "train_time": 881.6680243015289, "_timestamp": 1745537773.1388707, "_runtime": 886.37150158, "_step": 30, "regret": 18.33, "total_duration": 886.0055012702942}