{"train_loss": 0.013779179728589996, "epoch_duration": 0.1026160717010498, "grad_norm": 3.321189847205943, "mu_diff": 1.671571135520935, "_timestamp": 1746545970.2690918, "_runtime": 444.068651778, "epoch": 99, "train_time": 431.7220935821533, "lr": 0.001, "_step": 120, "regret": 0.03087050750851631, "mu_diff_norm": 37.40036392211914, "total_duration": 443.6259047985077}