{"epoch_duration": 0.10481834411621094, "lr": 5.960464477539063e-11, "_timestamp": 1747166107.261202, "_step": 1800, "epoch": 1499, "train_loss": 14.03240866214037, "train_time": 1695.7305166721344, "grad_norm": 29.10477897735814, "mu_diff": 1963.610595703125, "_runtime": 1857.392469884, "regret": 0.03095047265291214, "mu_diff_norm": 43910.5, "regret_relatif": 0.2283849048614502, "total_duration": 1855.274749994278}