{"grad_norm": 6.749214974688071, "lr": 0.0005, "_timestamp": 1745966056.0013936, "epoch": 99, "train_loss": 0.8480394314974546, "epoch_duration": 8.260977745056152, "train_time": 1600.4086542129517, "_runtime": 1609.235835694, "_step": 120, "regret": 10.02, "mu_diff_norm": 59.49993896484375, "total_duration": 1607.0937943458557}