{"train_loss": 44.58206915855408, "grad_norm": 81.09610083082167, "lr": 0.0005, "_step": 9, "epoch": 4, "train_time": 8446.172019004822, "_timestamp": 1746226873.5982177, "_runtime": 8708.089234232, "epoch_duration": 1921.8048794269562, "regret": 48.21}