{"_timestamp": 1746545524.4179935, "_runtime": 196.092229201, "_step": 120, "epoch": 99, "train_loss": 1.075812036788193e-05, "epoch_duration": 1.8495323657989502, "train_time": 186.24981808662415, "grad_norm": 0.01142779178380448, "lr": 0.0005, "regret": 0.03188703328371048, "total_duration": 193.87455487251282}