{"train_time": 3.789602518081665, "_runtime": 7.19225543, "epoch": 1, "epoch_duration": 1.7838351726531982, "lr": 0.001, "_timestamp": 1746474903.4785573, "_step": 4, "train_loss": 0.3511007223278284, "grad_norm": 2.7057726340207946, "regret": 0.02817496933043003, "total_duration": 4.913203716278076}