{"epoch_duration": 9.1217360496521, "train_time": 1378.8295373916626, "_timestamp": 1745536884.5823963, "_runtime": 1816.156517411, "_step": 180, "epoch": 149, "train_loss": 8.880681246519089, "regret": 26.24, "total_duration": 1652.6605334281921}