{"epoch": 32, "train_loss": 0.004803582327440381, "train_time": 54.96771597862244, "_timestamp": 1748539192.2871156, "_step": 67, "epoch_duration": 1.6449215412139893, "grad_norm": 0.021703500511595576, "lr": 0.002, "_runtime": 79.462507491, "Mean relative regret": 0.14736053347587585, "Std relative regret": 0.04753508418798447, "total_duration": 61.419931411743164, "best_epoch": 23, "best_relat_regret": 0.14650151133537292, "test/mean_relative_regret": 0.12949277460575104, "test/std_relative_regret": 0.05076180770993233}