{"_timestamp": 1748907962.9965174, "_runtime": 1073.420044766, "_step": 1449, "epoch": 723, "train_loss": 0.003637018598965369, "epoch_duration": 0.41065430641174316, "train_time": 300.15964436531067, "grad_norm": 0.010094538290685906, "lr": 0.001, "Mean relative regret": 0.18081746473447194, "Std relative regret": 0.03685109248902843, "norm_diff_mu": 269.8749084472656, "best_relat_regret": 0.16318698179953744, "total_duration": 1067.7697803974152, "best_epoch": 39, "test/mean_relative_regret": 0.13557052612304688, "test/std_relative_regret": 0.03293144702911377}