{"train_loss": 0.3099947851151228, "train_time": 1792.3158211708069, "lr": 0.002, "_timestamp": 1748616281.8797224, "_runtime": 1817.101224544, "epoch": 115, "epoch_duration": 15.488072872161865, "grad_norm": 4.842951536879774, "_step": 233, "Std relative regret": 0.05525960773229599, "norm_diff_mu": 562.3594360351562, "Mean relative regret": 0.16046640276908875, "total_duration": 1814.2350239753723, "best_epoch": 44, "best_relat_regret": 0.1571711152791977, "test/mean_relative_regret": 0.1413092464208603, "test/std_relative_regret": 0.055205557495355606}