{"_step": 120, "epoch": 99, "train_loss": 0.018555987859144807, "train_time": 156.9455749988556, "grad_norm": 0.5623448349896519, "lr": 0.0005, "_timestamp": 1746554758.6110108, "_runtime": 166.039448039, "epoch_duration": 1.5631506443023682, "regret": 0.022045631855726243, "total_duration": 163.96539616584778}