{"epoch": 10, "train_loss": 0.011624713602941483, "epoch_duration": 28.501745462417603, "lr": 0.002, "_runtime": 312.301515506, "_step": 23, "train_time": 305.1344735622406, "grad_norm": 0.023268813881320922, "_timestamp": 1748539924.7639225, "Std relative regret": 0.04454238340258598, "Mean relative regret": 0.1523163914680481, "total_duration": 308.85521483421326, "best_epoch": 10, "best_relat_regret": 0.1523163914680481, "test/mean_relative_regret": 0.13459275662899017, "test/std_relative_regret": 0.03860445320606232}