{"epoch": 750, "train_time": 600.1933543682098, "grad_norm": 0.007954776148970092, "lr": 0.002, "_timestamp": 1748885753.7900605, "_runtime": 843.916309633, "_step": 1503, "train_loss": 0.002744543075095862, "epoch_duration": 0.7973554134368896, "Mean relative regret": 0.16362539733378142, "Std relative regret": 0.03929461864143768, "norm_diff_mu": 258.92529296875, "best_epoch": 20, "best_relat_regret": 0.14723488780182334, "total_duration": 840.5885665416718, "test/std_relative_regret": 0.040298715233802795, "test/mean_relative_regret": 0.13079676032066345}