{"epoch": 1433, "train_loss": 0.0010373436343797948, "lr": 0.002, "_runtime": 314.013536913, "_step": 2869, "epoch_duration": 0.0415043830871582, "train_time": 60.005874156951904, "grad_norm": 0.00830438456242041, "_timestamp": 1748883298.9045885, "Mean relative regret": 0.16770439326639086, "Std relative regret": 0.05212798649849366, "total_duration": 311.20699644088745, "best_epoch": 14, "best_relat_regret": 0.15554656711113254, "test/mean_relative_regret": 0.13393720984458923, "test/std_relative_regret": 0.053097791969776154}