{"_step": 23, "epoch": 10, "epoch_duration": 28.216312885284424, "lr": 0.002, "_runtime": 309.513032806, "train_loss": 0.011706272780429572, "train_time": 302.7530801296234, "grad_norm": 0.02327325062646614, "_timestamp": 1748534696.969337, "Mean relative regret": 0.15360689163208008, "Std relative regret": 0.03779513016343117, "total_duration": 306.3750627040863, "best_epoch": 10, "best_relat_regret": 0.15360689163208008, "test/mean_relative_regret": 0.13150158524513245, "test/std_relative_regret": 0.037075936794281006}