{"train_time": 485.33533215522766, "grad_norm": 0.5942090455515341, "_runtime": 603.114133865, "epoch": 619, "train_loss": 0.013762265560217202, "_timestamp": 1748605943.4964013, "_step": 1241, "epoch_duration": 0.782233715057373, "lr": 0.00025, "Std relative regret": 0.05202697589993477, "Mean relative regret": 0.16439709067344666, "best_relat_regret": 0.15865278244018555, "total_duration": 600.3290672302246, "best_epoch": 89, "test/mean_relative_regret": 0.1414659470319748, "test/std_relative_regret": 0.054291658103466034}