{"train_time": 1455.7551782131195, "lr": 3.125e-05, "_step": 2171, "epoch": 1084, "train_loss": 0.017737380345351994, "_timestamp": 1748610238.561773, "_runtime": 1807.42331352, "epoch_duration": 1.333789587020874, "grad_norm": 0.5077258725204095, "Mean relative regret": 0.15685339272022247, "Std relative regret": 0.039405468851327896, "total_duration": 1800.8193316459656, "best_epoch": 49, "best_relat_regret": 0.15481023490428925, "test/mean_relative_regret": 0.1322181075811386, "test/std_relative_regret": 0.03722316771745682}