{"epoch_duration": 1.3221004009246826, "train_time": 13.348628997802734, "lr": 0.001, "epoch": 9, "grad_norm": 2.627862687927077, "mu_diff": 7.640236854553223, "_timestamp": 1746715746.5827558, "_runtime": 16.942415011, "_step": 11, "train_loss": 0.2605357691645622, "regret": 0.028777855187654494, "mu_diff_norm": 170.86709594726562}