{"train_loss": 0.002546286763390526, "epoch_duration": 0.7896926403045654, "train_time": 1800.082034111023, "_timestamp": 1748890846.3394227, "epoch": 2272, "grad_norm": 0.004445389407140397, "lr": 0.001, "_runtime": 2536.482479846, "_step": 4547, "Mean relative regret": 0.16729448116509243, "Std relative regret": 0.033759317665060906, "norm_diff_mu": 579.4654541015625, "best_epoch": 20, "best_relat_regret": 0.1467103396477934, "total_duration": 2532.377415895462, "test/mean_relative_regret": 0.12988170981407166, "test/std_relative_regret": 0.03950345888733864}