{"_runtime": 176.06799764, "_step": 2128, "epoch": 1772, "train_loss": 0.0003025268997589592, "_timestamp": 1748525562.280409, "lr": 0.001, "epoch_duration": 0.033657073974609375, "train_time": 60.017977476119995, "grad_norm": 0.009372684181674858, "Mean relative regret": 0.16209876537322998, "Std relative regret": 0.0431312657892704, "test/mean_relative_regret": 0.13575103878974915, "test/std_relative_regret": 0.039921339601278305}