{"_timestamp": 1748542986.6432307, "epoch": 970, "train_time": 1612.1482622623444, "lr": 1.52587890625e-08, "_runtime": 1804.206860448, "_step": 1943, "train_loss": 0.0025615812628529966, "epoch_duration": 1.649404764175415, "grad_norm": 0.012823050328756821, "Mean relative regret": 0.15687154233455658, "Std relative regret": 0.055780962109565735, "best_relat_regret": 0.15047018229961395, "total_duration": 1801.3219628334045, "best_epoch": 19, "test/mean_relative_regret": 0.13056817650794983, "test/std_relative_regret": 0.052615292370319366}