{"train_loss": 0.003356479064677842, "epoch_duration": 1.8979768753051758, "train_time": 272.03551292419434, "grad_norm": 0.016715068802089256, "epoch": 144, "lr": 0.002, "_timestamp": 1748546089.5263724, "_runtime": 303.094809891, "_step": 291, "Mean relative regret": 0.14587955176830292, "Std relative regret": 0.0492868646979332, "total_duration": 300.4007911682129, "best_epoch": 32, "best_relat_regret": 0.13940787315368652, "test/mean_relative_regret": 0.12544725835323334, "test/std_relative_regret": 0.051234520971775055}