{"epoch": 4, "train_loss": 22.531364917755127, "epoch_duration": 7.323629856109619, "train_time": 41.32464551925659, "grad_norm": 19.192476848756833, "lr": 0.00012721309147663176, "_timestamp": 1745865669.024189, "_runtime": 147.48362445, "_step": 5, "regret": 27.87}