{"train_loss": 0.006432371854316443, "epoch_duration": 15.30144214630127, "grad_norm": 0.017445589492823693, "_runtime": 618.388400358, "_step": 71, "epoch": 34, "train_time": 601.4042475223541, "lr": 0.002, "_timestamp": 1748547713.7445147, "norm_diff_mu": 143.6219940185547, "Mean relative regret": 0.14219266176223755, "Std relative regret": 0.03403900936245918, "total_duration": 613.8954317569733, "best_epoch": 28, "best_relat_regret": 0.14131885766983032, "test/mean_relative_regret": 0.1272837519645691, "test/std_relative_regret": 0.03826412931084633}