{"epoch": 25333, "lr": 1.52587890625e-08, "_step": 30399, "_runtime": 1802.382341854, "train_loss": 0.0001756934298100532, "epoch_duration": 0.03363633155822754, "train_time": 855.4416780471802, "grad_norm": 0.008338013046799724, "_timestamp": 1748530767.4739106, "Mean relative regret": 0.16723735630512238, "Std relative regret": 0.05480063334107399}