{"train_loss": 1.8459610417485237, "train_time": 2235.287250518799, "lr": 0.00025, "mu_diff": 127.03461456298828, "_timestamp": 1746810520.695418, "_step": 360, "epoch": 299, "epoch_duration": 4.451698064804077, "grad_norm": 11.862365941840816, "_runtime": 2321.628969294, "regret": 0.0278016959130764, "mu_diff_norm": 2843.138671875, "regret_relatif": 0.21555206954479217, "total_duration": 2321.106114625931}