{"epoch": 14, "train_loss": 0.06864396610762924, "epoch_duration": 0.10526442527770996, "_runtime": 105.539783194, "_step": 17, "train_time": 25.09716534614563, "grad_norm": 6.961709326332307, "lr": 0.002, "mu_diff": 1.7098878622055054, "_timestamp": 1747162040.3113577, "mu_diff_norm": 38.333438873291016, "regret_relatif": 0.2247311305999756, "regret": 0.03049473650753498}