{"epoch_duration": 0.10507726669311523, "train_time": 80.13961791992188, "lr": 0.002, "mu_diff": 1.8818062543869019, "_runtime": 83.975734706, "_step": 3, "epoch": 1, "train_loss": 0.5404772832989693, "grad_norm": 14.04503938117319, "_timestamp": 1746543150.727628, "regret": 0.030980026796460152, "mu_diff_norm": 42.08528518676758, "total_duration": 80.99188542366028}