{"regret": 14.42, "_timestamp": 1745427632.9067109, "_runtime": 11.519279908, "_step": 0}