{"lr": 0.002, "_timestamp": 1748551501.8162558, "_runtime": 1857.735251421, "_step": 127, "train_time": 1803.5787825584412, "train_loss": 0.0055448242637794465, "epoch_duration": 28.917020320892334, "grad_norm": 0.018397649276321797, "epoch": 62, "Mean relative regret": 0.14743171632289886, "Std relative regret": 0.038452550768852234, "total_duration": 1825.0918395519257, "best_epoch": 20, "best_relat_regret": 0.14647315442562103, "test/mean_relative_regret": 0.12734967470169067, "test/std_relative_regret": 0.03733161464333534}