{"mu_diff": 45.43272018432617, "_timestamp": 1746917213.512242, "_step": 84, "train_loss": 0.07917880173772573, "train_time": 6725.459345579147, "grad_norm": 0.1151591165200109, "lr": 0.0005, "epoch": 69, "epoch_duration": 90.81516790390015, "_runtime": 6747.488597376, "mu_diff_norm": 1017.203369140625, "regret_relatif": 0.21850898921489714, "regret": 0.02820566825568676, "total_duration": 6745.25412273407}