{"_step": 113, "epoch": 55, "train_time": 49.82548928260803, "grad_norm": 0.7767995537639173, "_timestamp": 1748604630.8296156, "_runtime": 195.681359849, "train_loss": 0.02115799649618566, "epoch_duration": 0.7844874858856201, "lr": 0.002, "Mean relative regret": 0.16197949647903442, "Std relative regret": 0.04922013357281685, "total_duration": 60.326679706573486, "best_epoch": 51, "best_relat_regret": 0.15946727991104126, "test/std_relative_regret": 0.05488842725753784, "test/mean_relative_regret": 0.14010128378868103}