{"epoch_duration": 9.731085538864136, "train_time": 1405.1132407188416, "_timestamp": 1745593658.290834, "_runtime": 1986.917921049, "_step": 180, "epoch": 149, "train_loss": 8.794641524553299, "regret": 26.3, "total_duration": 1771.256008863449}