{"epoch_duration": 9.88609766960144, "train_time": 3050.3247187137604, "_timestamp": 1746470854.1814961, "_runtime": 3303.953870492, "_step": 120, "epoch": 99, "train_loss": 15.467829048633575, "grad_norm": 11.252801718313854, "lr": 0.002, "regret": 51.02, "mu_diff_norm": 570.3190307617188, "total_duration": 3292.3215243816376}