{"epoch_duration": 10.093851089477539, "train_time": 1807.188647031784, "_timestamp": 1748901225.4220676, "_step": 377, "epoch": 187, "train_loss": 0.008077357459114864, "_runtime": 2017.53117211, "grad_norm": 0.015282757481409665, "lr": 0.002, "Mean relative regret": 0.1693522722458521, "Std relative regret": 0.03407550612634402, "total_duration": 2011.6478345394135, "best_epoch": 50, "best_relat_regret": 0.16424596550772222, "test/mean_relative_regret": 0.1359025239944458, "test/std_relative_regret": 0.03153134509921074}