{"lr": 0.002, "_timestamp": 1748534098.3125865, "_step": 7, "epoch": 2, "train_loss": 0.01780000457074493, "epoch_duration": 13.093089580535889, "train_time": 61.403010845184326, "grad_norm": 0.018082777310199364, "_runtime": 65.864096473, "Std relative regret": 0.04445784538984299, "norm_diff_mu": 159.52073669433594, "Mean relative regret": 0.2039978802204132, "best_epoch": 2, "best_relat_regret": 0.2039978802204132, "total_duration": 62.428077936172485, "test/mean_relative_regret": 0.17739425599575043, "test/std_relative_regret": 0.0433189794421196}