{"epoch": 579, "grad_norm": 0.5593010061792365, "lr": 0.0005, "_timestamp": 1748581059.111556, "_runtime": 603.334862041, "_step": 1161, "train_loss": 0.011316973657812923, "epoch_duration": 0.8435654640197754, "train_time": 493.31251668930054, "Mean relative regret": 0.1655973345041275, "Std relative regret": 0.048581551760435104, "total_duration": 600.4101161956787, "best_epoch": 480, "best_relat_regret": 0.16169612109661102, "test/mean_relative_regret": 0.13794897496700287, "test/std_relative_regret": 0.0552104115486145}