{"epoch": 606, "train_loss": 0.00031436119934369344, "epoch_duration": 0.03466606140136719, "lr": 0.001, "_step": 728, "train_time": 21.242968559265137, "grad_norm": 0.009238697156468691, "_timestamp": 1748534077.2286642, "_runtime": 68.39057834, "Std relative regret": 0.0384022556245327, "Mean relative regret": 0.1624203473329544, "test/mean_relative_regret": 0.1366642713546753, "test/std_relative_regret": 0.039827506989240646}