{"_timestamp": 1748529446.7724452, "_step": 2130, "epoch": 1064, "train_loss": 0.0024235196178779006, "epoch_duration": 1.6888463497161865, "train_time": 1801.6704893112183, "grad_norm": 0.012105193224523834, "lr": 1.52587890625e-08, "_runtime": 2018.222217587, "Std relative regret": 0.04980819672346115, "Mean relative regret": 0.1565614640712738, "test/mean_relative_regret": 0.13723500072956085, "test/std_relative_regret": 0.054047245532274246}