time limit,dim,keep,num_feat,num_item,num_data_train,jobtype,step_mu,num_iter_mu,method,lr,mean_relat_eval,std_relat_eval,mean_relat_test,std_relat_test
60,10,1,12,100,200,SG,1,10,IMLE,0.001,0.2997931410372257,0.04972994460800779,0.30669995085895063,0.054463619332330425
60,10,1,12,100,200,SG,1,10,IMLE,0.001,0.31231069311499593,0.050328167749692176,0.3094917565956712,0.05476109625298621
300,10,1,12,100,200,SG,1,10,IMLE,0.001,0.2872745117545128,0.05441029702566192,0.28550015862286093,0.0584429765044891
600,10,1,12,100,200,SG,1,10,IMLE,0.001,0.2831986050307751,0.056315070850329496,0.2781693642064929,0.05374439607231553
1800,10,1,12,100,200,SG,1,10,IMLE,0.001,0.267346962839365,0.05330133072172563,0.2706463984698057,0.0507813615367822
3600,10,1,12,100,200,SG,1,10,IMLE,0.001,0.2601638349890709,0.05265591589854514,0.25861920291930435,0.047687054050028294
