{"train_loss": 0.17553140968084335, "train_time": 8.414980411529541, "lr": 0.001, "_runtime": 11.004531493, "_step": 6, "epoch": 4, "epoch_duration": 1.624541997909546, "grad_norm": 1.880943407491422, "_timestamp": 1746563649.305303, "regret": 0.02924153544008732, "total_duration": 8.814906597137451}