{"epoch_duration": 28.478079319000244, "grad_norm": 0.02186655533621699, "_timestamp": 1748541173.182995, "_step": 45, "train_loss": 0.008031602075789124, "train_time": 615.5752995014191, "lr": 0.002, "_runtime": 626.308399296, "epoch": 21, "Std relative regret": 0.03682181239128113, "Mean relative regret": 0.14731626212596893, "best_epoch": 19, "best_relat_regret": 0.1469845026731491, "total_duration": 622.9883234500885, "test/std_relative_regret": 0.038641419261693954, "test/mean_relative_regret": 0.12872256338596344}