{"epoch": 25, "train_time": 342.5520534515381, "lr": 0.002, "_runtime": 351.248278648, "_step": 53, "train_loss": 0.004791062790900469, "epoch_duration": 54.72630548477173, "grad_norm": 0.02220825526300296, "_timestamp": 1748534457.8782382, "Mean relative regret": 0.15216468274593353, "Std relative regret": 0.05005517229437828, "norm_diff_mu": 67.85782623291016, "total_duration": 348.3053216934204, "best_epoch": 23, "best_relat_regret": 0.1512160748243332, "test/mean_relative_regret": 0.13141269981861115, "test/std_relative_regret": 0.052519794553518295}