{"train_time": 54.21182584762573, "grad_norm": 0.022276183782706235, "lr": 0.002, "_timestamp": 1748533971.997085, "_runtime": 102.938113825, "_step": 63, "epoch": 30, "train_loss": 0.004921296116663143, "epoch_duration": 1.6450769901275635, "Mean relative regret": 0.15252052247524261, "Std relative regret": 0.05156639590859413, "total_duration": 60.2125289440155, "best_epoch": 30, "best_relat_regret": 0.15252052247524261, "test/mean_relative_regret": 0.13204950094223022, "test/std_relative_regret": 0.054109830409288406}