{"grad_norm": 10.718273648427024, "lr": 0.002, "mu_diff": 50.84547805786133, "_runtime": 64.002338643, "_step": 53, "epoch": 44, "train_loss": 0.22208245063666254, "_timestamp": 1747162699.586523, "epoch_duration": 0.10997700691223145, "train_time": 56.72273349761963, "regret": 0.03106894850730896, "mu_diff_norm": 1137.669677734375, "regret_relatif": 0.23048131227493285}