{"grad_norm": 0.01585551863754742, "lr": 0.002, "_timestamp": 1746800625.98883, "_step": 96, "epoch_duration": 31.77473759651184, "train_loss": 0.0054209891823120415, "train_time": 2542.7210302352905, "_runtime": 2550.386495069, "epoch": 79, "regret": 0.018252134919166565, "total_duration": 2548.0728216171265}