{"epoch": 96, "train_time": 1775.2192718982697, "_step": 194, "train_loss": 0.005198808590648696, "epoch_duration": 18.52942943572998, "grad_norm": 0.015412066487380022, "lr": 0.002, "_timestamp": 1748531257.82278, "_runtime": 1815.659802566, "Std relative regret": 0.038653016090393066, "Mean relative regret": 0.13395199179649353, "total_duration": 1812.6462428569794, "best_epoch": 49, "best_relat_regret": 0.13102510571479797}