{"epoch_duration": 1.3462910652160645, "train_time": 3917.582260608673, "grad_norm": 38.34642155578323, "lr": 1.5625e-05, "_timestamp": 1747159781.2007914, "_runtime": 4084.891759591, "epoch": 1499, "train_loss": 4.865844279527664, "mu_diff": 486.045654296875, "_step": 1800, "regret": 0.025626683458685875, "mu_diff_norm": 10870.36328125, "regret_relatif": 0.19002493023872374, "total_duration": 4077.121052503586}