{"train_loss": 0.01181722286855802, "train_time": 306.01197934150696, "lr": 0.002, "_timestamp": 1748526094.2369812, "_runtime": 312.950855325, "epoch": 10, "epoch_duration": 28.71628427505493, "grad_norm": 0.023308810550065645, "_step": 22, "Mean relative regret": 0.14996768534183502, "Std relative regret": 0.03938319534063339, "test/mean_relative_regret": 0.13556158542633057, "test/std_relative_regret": 0.04068242013454437}