{"epoch": 149, "train_loss": 8.70871216058731, "epoch_duration": 9.216887712478638, "train_time": 1371.8291382789612, "_timestamp": 1745598476.713084, "_runtime": 2036.751699026, "_step": 180, "regret": 26.2, "total_duration": 1949.2865180969238}