{"train_loss": 0.00993081700289622, "epoch_duration": 18.398626804351807, "train_time": 302.56674098968506, "grad_norm": 0.02589503555764861, "epoch": 16, "lr": 0.002, "_timestamp": 1748534692.4054482, "_runtime": 312.179385931, "_step": 35, "Mean relative regret": 0.1356860101222992, "Std relative regret": 0.037021443247795105, "total_duration": 308.911643743515, "best_epoch": 16, "best_relat_regret": 0.1356860101222992, "test/mean_relative_regret": 0.12251851707696915, "test/std_relative_regret": 0.038895171135663986}