{"train_loss": 0.0501853721216321, "_runtime": 329.821874567, "train_time": 276.57528591156006, "grad_norm": 1.0399949384103955, "lr": 0.002, "_timestamp": 1748605634.7736585, "_step": 183, "epoch": 90, "epoch_duration": 23.010820150375366, "Mean relative regret": 0.16690868139266968, "Std relative regret": 0.037117473781108856, "norm_diff_mu": 101.0597152709961, "best_epoch": 69, "best_relat_regret": 0.16128207743167877, "total_duration": 307.0952320098877, "test/mean_relative_regret": 0.1387724131345749, "test/std_relative_regret": 0.04063013941049576}