{"_timestamp": 1746893595.7542593, "epoch": 0, "train_loss": 0.0306835068622604, "epoch_duration": 114.83973097801208, "_runtime": 278.088295747, "_step": 1, "train_time": 114.83973097801208, "grad_norm": 0.02863512956489105, "lr": 0.002, "regret_relatif": 0.22102440834045411, "regret": 0.028609579503536223}