{"_runtime": 8.033772121, "epoch_duration": 2.0275630950927734, "train_time": 4.295525550842285, "grad_norm": 2.7045704423048287, "lr": 0.001, "_timestamp": 1746475470.016021, "_step": 4, "epoch": 1, "train_loss": 0.34688671864569187, "regret": 0.028590374886989595, "total_duration": 5.589425563812256}