{"grad_norm": 0.012644604838443624, "_timestamp": 1748549560.64383, "_step": 313, "epoch": 155, "epoch_duration": 47.81911087036133, "train_time": 1803.2669529914856, "lr": 0.002, "_runtime": 1838.326267433, "train_loss": 0.002570703945821151, "Mean relative regret": 0.15099436044692993, "Std relative regret": 0.04547692462801933, "norm_diff_mu": 118.17902374267578, "total_duration": 1835.3246693611145, "best_epoch": 20, "best_relat_regret": 0.14383052289485931, "test/mean_relative_regret": 0.1304464340209961, "test/std_relative_regret": 0.051136571913957596}