{"train_time": 1304.1223587989807, "_timestamp": 1745514114.1565597, "_runtime": 2034.650243542, "_step": 180, "epoch": 149, "train_loss": 8.924406439065933, "epoch_duration": 8.612579822540283, "regret": 24.94, "total_duration": 1840.792269706726}