{"epoch": 14, "train_loss": 23.700000047683716, "epoch_duration": 9.950427055358887, "train_time": 1642.510012626648, "_timestamp": 1745600149.43734, "_runtime": 1670.659036124, "_step": 30, "regret": 22.65, "total_duration": 1670.2598662376404}