{"epoch": 4, "epoch_duration": 1.6109318733215332, "grad_norm": 1.8576616758217412, "_runtime": 50.836202489, "train_loss": 0.1719909692183137, "train_time": 9.782227277755737, "lr": 0.001, "_timestamp": 1746554506.6968074, "_step": 6, "regret": 0.029522522687911987, "total_duration": 10.415960550308228}