{"epoch_duration": 28.584725379943848, "_runtime": 652.379227905, "_step": 45, "epoch": 21, "train_loss": 0.00808051141211763, "train_time": 619.8195865154266, "grad_norm": 0.022331526208774658, "lr": 0.002, "_timestamp": 1748547727.296437, "Std relative regret": 0.03827296942472458, "Mean relative regret": 0.14240290224552155, "total_duration": 627.2303709983826, "best_epoch": 17, "best_relat_regret": 0.14199402928352356, "test/mean_relative_regret": 0.1307787299156189, "test/std_relative_regret": 0.03731668367981911}