{"lr": 0.002, "epoch": 78, "epoch_duration": 28.11499309539795, "train_time": 2351.59553027153, "grad_norm": 0.07168672535360514, "_step": 94, "train_loss": 0.031410133582539856, "mu_diff": 32.78220748901367, "_timestamp": 1746736022.620003, "_runtime": 2362.196200212, "mu_diff_norm": 733.8074340820312, "regret": 0.02542375206947327}