{"lr": 0.002, "epoch_duration": 45.263447284698486, "train_time": 301.07977628707886, "grad_norm": 0.022232873758178538, "_runtime": 308.85588597, "_step": 53, "epoch": 25, "train_loss": 0.00490044936304912, "_timestamp": 1748525759.6397943, "norm_diff_mu": 67.4094009399414, "Mean relative regret": 0.15107454359531403, "Std relative regret": 0.04891360178589821, "total_duration": 306.062814950943, "best_epoch": 14, "best_relat_regret": 0.1507500410079956, "training_status": "time_limit", "test/mean_relative_regret": 0.13005392253398895, "test/std_relative_regret": 0.04983910545706749}