{"epoch": 0, "train_time": 1.3511333465576172, "lr": 2.9345925637175644e-05, "_step": 2, "train_loss": 13.227824687957764, "epoch_duration": 1.3511333465576172, "grad_norm": 13.402281668045378, "_timestamp": 1745935815.868588, "_runtime": 2.402797, "regret": 15.79, "total_duration": 1.496812105178833}