{"epoch_duration": 8.891115427017212, "train_time": 1354.9605150222778, "_timestamp": 1745815785.026206, "_runtime": 1753.956724094, "_step": 180, "epoch": 149, "train_loss": 7.276966720819473, "regret": 26.72, "total_duration": 1751.7728171348572}