{"_timestamp": 1746555171.4120686, "_runtime": 411.741291813, "_step": 120, "train_loss": 0.004763293662108481, "epoch_duration": 0.10177779197692871, "grad_norm": 2.640693191553795, "lr": 0.001, "epoch": 99, "train_time": 398.7986190319061, "mu_diff": 1.6751289367675781, "mu_diff_norm": 37.485050201416016, "regret": 0.03010863997042179, "total_duration": 409.74988293647766}