{"epoch_duration": 197.9328474998474, "_timestamp": 1745427952.862382, "_runtime": 313.872407677, "_step": 2, "epoch": 1, "train_loss": 17.82460880279541, "total_duration": 313.56892490386963}