{"train_time": 600.3457024097443, "lr": 0.002, "_timestamp": 1748881226.7106407, "epoch": 1451, "epoch_duration": 0.41155028343200684, "_runtime": 852.513581963, "_step": 2905, "train_loss": 0.0010657665025064489, "grad_norm": 0.005894223446553223, "Mean relative regret": 0.16896610531432452, "Std relative regret": 0.04965287491542703, "norm_diff_mu": 350.75054931640625, "best_epoch": 10, "best_relat_regret": 0.15182808867519657, "total_duration": 849.5089936256409, "test/mean_relative_regret": 0.13304001092910767, "test/std_relative_regret": 0.05017984285950661}