{"_step": 14321, "train_loss": 0.0008052351404330693, "epoch_duration": 0.04172158241271973, "lr": 3.90625e-06, "_timestamp": 1748885393.464209, "_runtime": 1566.798602395, "epoch": 7159, "train_time": 300.00275111198425, "grad_norm": 0.006115586488776117, "Mean relative regret": 0.17692116723848017, "Std relative regret": 0.052596110262540366, "best_epoch": 14, "best_relat_regret": 0.15758357577544044, "total_duration": 1564.0487875938416, "test/mean_relative_regret": 0.13534051179885864, "test/std_relative_regret": 0.052285000681877136}