{"train_time": 318.7209503650665, "_timestamp": 1748546120.7023144, "_runtime": 326.87877507, "_step": 53, "epoch": 25, "train_loss": 0.005126659758388996, "epoch_duration": 47.58648204803467, "grad_norm": 0.023418337945957175, "lr": 0.002, "Mean relative regret": 0.14805516600608826, "Std relative regret": 0.04974250867962837, "norm_diff_mu": 67.53704071044922, "best_epoch": 24, "best_relat_regret": 0.14751052856445312, "total_duration": 323.99444007873535, "test/mean_relative_regret": 0.13149254024028778, "test/std_relative_regret": 0.05229804292321205}