{"epoch_duration": 2.622551441192627, "_step": 180, "_runtime": 914.87256591, "epoch": 149, "train_loss": 0.014493304362986237, "train_time": 788.6705899238586, "grad_norm": 0.0725239632069678, "lr": 4.8828125e-07, "_timestamp": 1746214589.0835092, "regret": 0.031723190546035764, "mu_diff_norm": 50.10068130493164, "total_duration": 797.5756070613861}