{"epoch_duration": 2.0944015979766846, "grad_norm": 0.015545943173433116, "lr": 1.953125e-06, "_timestamp": 1748526786.9288502, "_step": 580, "epoch": 289, "train_loss": 0.0030314930336317047, "train_time": 601.4809062480927, "_runtime": 667.44853646, "Mean relative regret": 0.1548917293548584, "Std relative regret": 0.04484584182500839, "test/mean_relative_regret": 0.13162878155708313, "test/std_relative_regret": 0.05350962653756142}