{"epoch": 24570, "epoch_duration": 0.03495192527770996, "train_time": 850.5957298278809, "lr": 1e-06, "_timestamp": 1748549555.1216567, "train_loss": 0.00016248042356892256, "grad_norm": 0.0079232521845365, "_runtime": 1814.359323866, "_step": 29485, "Mean relative regret": 0.1578691005706787, "Std relative regret": 0.04336041957139969, "test/mean_relative_regret": 0.13903285562992096, "test/std_relative_regret": 0.05512296035885811}