{"grad_norm": 0.2318735797722504, "lr": 0.001, "_timestamp": 1746207268.4770973, "_runtime": 8.218639656, "train_loss": 0.030418876325711608, "epoch_duration": 5.1656880378723145, "_step": 2, "epoch": 0, "train_time": 5.1656880378723145, "regret": 0.030325600057840348, "total_duration": 5.429226875305176}