{"mu_diff": 21.26103973388672, "_runtime": 2813.534074462, "_step": 29, "epoch": 24, "train_loss": 0.09411502117291093, "epoch_duration": 99.14178681373596, "train_time": 2706.421966314316, "lr": 0.002, "grad_norm": 0.12983211213704798, "_timestamp": 1747325018.558521, "regret_relatif": 0.2191190880537033, "regret": 0.028206431195139884, "mu_diff_norm": 477.0634460449219}