{"epoch": 118, "epoch_duration": 2.277911901473999, "train_time": 272.5818841457367, "grad_norm": 0.0183941123131796, "_timestamp": 1748539604.0584307, "_runtime": 304.709298834, "train_loss": 0.003613527529523708, "lr": 0.002, "_step": 239, "Mean relative regret": 0.15301328897476196, "Std relative regret": 0.04456749185919762, "total_duration": 301.54360270500183, "best_epoch": 28, "best_relat_regret": 0.14563295245170593, "test/std_relative_regret": 0.04902132600545883, "test/mean_relative_regret": 0.12597818672657013}