{"train_loss": 0.010864635929465294, "train_time": 307.7054214477539, "_timestamp": 1748896957.3867629, "epoch": 28, "epoch_duration": 10.554527521133423, "grad_norm": 0.022730091641514807, "lr": 0.002, "_runtime": 344.912325986, "_step": 59, "Mean relative regret": 0.15165755042016377, "Std relative regret": 0.033301149994279064, "best_relat_regret": 0.15165755042016377, "total_duration": 338.44380044937134, "best_epoch": 28, "test/mean_relative_regret": 0.12553642690181732, "test/std_relative_regret": 0.03102833963930607}