{"epoch": 601, "_runtime": 63.558466971, "lr": 0.001, "_timestamp": 1748573864.6221428, "_step": 722, "train_loss": 0.00031088406467461027, "epoch_duration": 0.034276723861694336, "train_time": 20.9849853515625, "grad_norm": 0.008802624164461348, "Mean relative regret": 0.15847112238407135, "Std relative regret": 0.0389852412045002, "test/mean_relative_regret": 0.13407374918460846, "test/std_relative_regret": 0.03956040367484093}