{"epoch": 3, "grad_norm": 0.0397506536365464, "lr": 0.002, "_runtime": 78.657869236, "_step": 8, "train_loss": 0.021249397075735033, "epoch_duration": 18.317355632781982, "train_time": 73.37964344024658, "_timestamp": 1748525434.8374572, "Mean relative regret": 0.17015790939331055, "Std relative regret": 0.0423765555024147, "test/mean_relative_regret": 0.15116874873638153, "test/std_relative_regret": 0.04276353120803833}