{"train_loss": 0.007006125146290287, "epoch_duration": 16.331628561019897, "train_time": 602.8417563438416, "lr": 0.002, "_runtime": 618.472279222, "epoch": 36, "_timestamp": 1748547650.8583074, "_step": 75, "grad_norm": 0.020319168102762925, "Mean relative regret": 0.13594108819961548, "Std relative regret": 0.033951517194509506, "total_duration": 615.2674913406372, "best_epoch": 33, "best_relat_regret": 0.13559119403362274, "test/mean_relative_regret": 0.11986566334962845, "test/std_relative_regret": 0.03690378740429878}