{"train_loss": 0.002491432271199301, "grad_norm": 0.010017273202770889, "lr": 0.002, "_timestamp": 1748882127.7199438, "_runtime": 516.104240912, "epoch": 1434, "epoch_duration": 0.041411638259887695, "train_time": 60.040910482406616, "_step": 2871, "Mean relative regret": 0.1666493835719157, "Std relative regret": 0.044187180983570766, "total_duration": 512.3881011009216, "best_epoch": 26, "best_relat_regret": 0.1532911070521665, "test/mean_relative_regret": 0.13373571634292603, "test/std_relative_regret": 0.04032641276717186}