{"epoch": 53360, "lr": 1e-06, "_step": 53895, "train_loss": 0.0003441048629611032, "epoch_duration": 0.033281803131103516, "train_time": 1800.01442694664, "grad_norm": 0.005729359877830049, "_timestamp": 1748919605.3202558, "_runtime": 2372.045002422, "Mean relative regret": 0.18267920733435106, "Std relative regret": 0.04154469469955183, "total_duration": 2342.596538543701, "best_epoch": 399, "best_relat_regret": 0.1796884904553469, "test/mean_relative_regret": 0.14143066108226776, "test/std_relative_regret": 0.03476706147193909}