{"epoch": 0, "train_loss": 13.245524883270264, "epoch_duration": 11.115198850631714, "train_time": 11.115198850631714, "lr": 2.0521797688422696e-05, "_timestamp": 1745853850.274376, "_runtime": 19.408863993, "_step": 2, "grad_norm": 7.130689013628413, "regret": 15.54, "total_duration": 17.2112934589386}