{"_timestamp": 1746726713.8879864, "_runtime": 256.054906035, "_step": 124, "epoch_duration": 1.3731188774108887, "grad_norm": 4.512413517529597, "lr": 0.0005, "mu_diff": 25.352869033813477, "epoch": 103, "train_loss": 0.6721947826445103, "train_time": 243.14644169807434, "regret": 0.02590200275182724, "mu_diff_norm": 568.4447021484375}