{"epoch": 4, "epoch_duration": 0.10156750679016113, "mu_diff": 1.8352233171463013, "_timestamp": 1746554550.2587838, "train_loss": 0.07648591161705554, "train_time": 40.05646824836731, "grad_norm": 7.999689210484689, "lr": 0.002, "_runtime": 42.429675527, "_step": 6, "regret": 0.03122510626912117, "mu_diff_norm": 41.045257568359375, "total_duration": 40.605300188064575}