{"train_time": 1328.3506455421448, "_timestamp": 1745520209.986836, "_runtime": 1858.918663038, "_step": 180, "epoch": 149, "train_loss": 8.822950810194016, "epoch_duration": 8.90035891532898, "regret": 25.09, "total_duration": 1669.2510032653809}