{"train_loss": 0.5631447788327932, "epoch_duration": 20.768694400787354, "_timestamp": 1745950200.2781491, "_step": 120, "epoch": 99, "train_time": 1400.3038136959076, "grad_norm": 9.081194384024847, "lr": 0.0005, "_runtime": 1409.543184744, "regret": 12.55, "total_duration": 1407.458074092865}