{"epoch": 50, "train_loss": 0.003803387808147818, "epoch_duration": 47.39970946311951, "grad_norm": 0.01859665616884871, "_timestamp": 1748540573.4398918, "train_time": 595.5766911506653, "lr": 0.002, "_runtime": 608.945006123, "_step": 103, "Mean relative regret": 0.14794227480888367, "Std relative regret": 0.04817463085055351, "norm_diff_mu": 32.035316467285156, "total_duration": 605.8038928508759, "best_epoch": 49, "best_relat_regret": 0.1475486308336258, "test/mean_relative_regret": 0.1328374445438385, "test/std_relative_regret": 0.05297931283712387}