{"epoch": 52, "grad_norm": 3.4813737559881894, "_timestamp": 1747163865.1345952, "_runtime": 151.317581712, "train_loss": 0.5862417183816433, "epoch_duration": 1.4091801643371582, "train_time": 143.23208045959473, "lr": 0.002, "mu_diff": 13.224201202392578, "_step": 63, "regret": 0.026157845556735993, "mu_diff_norm": 298.3553161621094, "regret_relatif": 0.19431839168071746}