{"epoch": 341, "lr": 0.001, "_timestamp": 1748581672.2938163, "_runtime": 604.210438152, "_step": 685, "train_loss": 0.018023054813966155, "epoch_duration": 1.4187562465667725, "train_time": 491.1249108314514, "grad_norm": 0.5327372288082819, "Mean relative regret": 0.16286823153495789, "Std relative regret": 0.04191497340798378, "total_duration": 600.911511182785, "best_epoch": 79, "best_relat_regret": 0.15673047304153442, "test/mean_relative_regret": 0.13316850364208221, "test/std_relative_regret": 0.03850427269935608}