{"epoch_duration": 1.778874397277832, "grad_norm": 0.09793167647636623, "lr": 0.001, "_timestamp": 1746545149.468232, "_runtime": 223.041629624, "_step": 93, "epoch": 46, "train_time": 94.47361183166504, "train_loss": 0.0005989790661260486, "regret": 0.0331758114695549}