{"train_loss": 0.012458451325073838, "epoch_duration": 10.098140001296997, "train_time": 309.05066180229187, "grad_norm": 0.025035800727037767, "_timestamp": 1748897314.892091, "_runtime": 348.776385954, "_step": 63, "epoch": 30, "lr": 0.002, "Mean relative regret": 0.16510326431141134, "Std relative regret": 0.03601568546600842, "best_epoch": 22, "best_relat_regret": 0.16438793823637773, "total_duration": 342.8574595451355, "test/mean_relative_regret": 0.13604336977005005, "test/std_relative_regret": 0.03061033971607685}