{"lr": 0.00025, "_timestamp": 1745986355.1111498, "epoch": 399, "train_loss": -1.9667794182896614, "epoch_duration": 7.629768371582031, "_step": 480, "train_time": 9013.029690980911, "grad_norm": 8.283102434037554, "_runtime": 9296.897565837, "regret": 11.79, "mu_diff_norm": 98.48890686035156, "total_duration": 9059.982208251953}