{"train_loss": 0.0025357028061989695, "epoch_duration": 1.6987495422363281, "train_time": 300.861300945282, "_runtime": 339.11102758, "epoch": 176, "grad_norm": 0.012408686148378575, "lr": 0.001, "_timestamp": 1748525772.8873124, "_step": 354, "Mean relative regret": 0.16146865487098694, "Std relative regret": 0.054838404059410095, "test/mean_relative_regret": 0.13833878934383392, "test/std_relative_regret": 0.05443953722715378}