{"epoch": 149, "train_loss": 0.0056643767456989735, "epoch_duration": 4.489821434020996, "train_time": 687.6285626888275, "grad_norm": 0.07593634636287734, "_runtime": 696.38491913, "lr": 9.765625e-07, "_timestamp": 1746211621.7196994, "_step": 180, "regret": 0.02101774901151657, "total_duration": 693.9353528022766}