{"_runtime": 603.393997531, "_step": 7188, "train_time": 210.94889330863953, "lr": 1e-06, "_timestamp": 1748575713.4811513, "grad_norm": 0.007168931164665711, "epoch": 5989, "train_loss": 0.00024680133356014267, "epoch_duration": 0.0348055362701416, "Mean relative regret": 0.16066178679466248, "Std relative regret": 0.03830292075872421, "test/mean_relative_regret": 0.13216964900493622, "test/std_relative_regret": 0.03803813457489014}