{"grad_norm": 0.020091406071300874, "_timestamp": 1748917238.620371, "_runtime": 382.846211697, "epoch": 7302, "train_loss": 0.0033870430488605052, "lr": 1e-06, "_step": 7377, "epoch_duration": 0.04083442687988281, "train_time": 300.0303997993469, "Mean relative regret": 0.18321599612928743, "Std relative regret": 0.03454112042195177, "total_duration": 377.3810946941376, "best_epoch": 99, "best_relat_regret": 0.1734209708818856, "test/mean_relative_regret": 0.1392608880996704, "test/std_relative_regret": 0.0320872999727726}