{"train_loss": 0.008500089053995907, "grad_norm": 0.020932557985330776, "lr": 0.002, "epoch": 16, "train_time": 307.6918029785156, "_timestamp": 1748546447.0787795, "_runtime": 317.583027597, "_step": 35, "epoch_duration": 14.953572988510132, "Mean relative regret": 0.14552558958530426, "Std relative regret": 0.03829871490597725, "norm_diff_mu": 151.22079467773438, "total_duration": 313.9222159385681, "best_epoch": 16, "best_relat_regret": 0.14552558958530426, "test/mean_relative_regret": 0.12696009874343872, "test/std_relative_regret": 0.035810790956020355}