{"train_time": 826.1416325569153, "grad_norm": 10.812955917807122, "lr": 0.00025, "_timestamp": 1746733488.5575964, "_step": 360, "epoch": 299, "train_loss": 1.362673394382, "epoch_duration": 1.4149219989776611, "mu_diff": 109.508056640625, "_runtime": 860.042327541, "regret": 0.026109439730644227, "mu_diff_norm": 2450.506103515625, "total_duration": 857.7826542854309}