{"train_time": 15.227976322174072, "_step": 0, "epoch": 0, "train_loss": 0.9899383820593357, "epoch_duration": 15.227976322174072, "grad_norm": 3.7297152032689502, "lr": 0.002, "_timestamp": 1748644280.286126, "_runtime": 17.527102574}