{"lr": 0.002, "_timestamp": 1748531011.926451, "_step": 216, "epoch": 107, "train_loss": 0.004541894420981407, "epoch_duration": 14.944798469543457, "train_time": 1763.7343566417694, "grad_norm": 0.012830917418504544, "_runtime": 1804.285647369, "Mean relative regret": 0.14807772636413574, "Std relative regret": 0.03908873349428177, "norm_diff_mu": 107.02311706542969, "best_relat_regret": 0.14406847953796387, "total_duration": 1801.0461297035217, "best_epoch": 17}