{"lr": 0.001, "epoch": 2, "train_time": 146.1247808933258, "grad_norm": 0.09446946178780961, "_timestamp": 1746465934.5637589, "_runtime": 308.368491136, "_step": 3, "train_loss": 0.025860986323095858, "epoch_duration": 47.14533495903015, "regret": 0.02958571903407574}