{"train_loss": 0.008159849152434617, "grad_norm": 0.022407697712349822, "lr": 0.002, "_timestamp": 1748527419.122406, "_step": 44, "epoch": 21, "epoch_duration": 28.696847438812256, "train_time": 620.5165164470673, "_runtime": 631.346031551, "Mean relative regret": 0.14337797462940216, "Std relative regret": 0.03815140947699547, "test/mean_relative_regret": 0.1276065856218338, "test/std_relative_regret": 0.038817524909973145}