{"_step": 400, "epoch": 199, "train_loss": 0.8836711505427957, "epoch_duration": 8.301328182220459, "_timestamp": 1745441348.7777078, "_runtime": 3839.396077718, "regret": 13.54, "total_duration": 3693.4715411663055}