{"train_time": 1797.8997702598572, "grad_norm": 0.01873826223259073, "_timestamp": 1748531278.288542, "_step": 126, "epoch": 62, "train_loss": 0.005541169812204316, "epoch_duration": 28.778002977371216, "lr": 0.002, "_runtime": 1821.976507429, "Mean relative regret": 0.14427493512630463, "Std relative regret": 0.04093283414840698, "total_duration": 1819.3740248680115, "best_epoch": 43, "best_relat_regret": 0.14222778379917145}