{"epoch": 29, "train_loss": 0.007745683134999126, "grad_norm": 0.02208589270535606, "_timestamp": 1748541163.07857, "_step": 61, "epoch_duration": 19.858328104019165, "train_time": 593.9038279056549, "lr": 0.002, "_runtime": 611.100280002, "Std relative regret": 0.03803922235965729, "Mean relative regret": 0.13212917745113373, "total_duration": 606.6583104133606, "best_epoch": 29, "best_relat_regret": 0.13212917745113373, "test/mean_relative_regret": 0.11971530318260193, "test/std_relative_regret": 0.036055587232112885}