{"epoch": 6084, "train_loss": 0.000238758646446513, "_runtime": 615.915517835, "_step": 7302, "epoch_duration": 0.034279823303222656, "train_time": 210.9925253391266, "grad_norm": 0.007067908937181653, "lr": 1.52587890625e-08, "_timestamp": 1748535957.856716, "Std relative regret": 0.043901290744543076, "Mean relative regret": 0.16191206872463226, "test/mean_relative_regret": 0.13176392018795013, "test/std_relative_regret": 0.03728104382753372}