{"epoch": 4, "grad_norm": 3.3240525745117693, "_timestamp": 1748898483.704256, "_step": 11, "train_loss": 0.3248270433396101, "epoch_duration": 62.1844482421875, "train_time": 306.65441393852234, "lr": 0.002, "_runtime": 317.88516384, "Mean relative regret": 0.20951150211971492, "Std relative regret": 0.03953043904055053, "norm_diff_mu": 219.88470458984375, "total_duration": 312.0129449367523, "best_epoch": 4, "best_relat_regret": 0.20951150211971492, "test/std_relative_regret": 0.03356732055544853, "test/mean_relative_regret": 0.1705259382724762}