{"_step": 4, "epoch": 1, "epoch_duration": 36.24759268760681, "train_time": 72.62310123443604, "grad_norm": 0.04018704705498513, "lr": 0.001, "train_loss": 0.028047441504895687, "_timestamp": 1746127198.137066, "_runtime": 76.780974121, "regret": 0.027605380564928055, "total_duration": 74.41941499710083}