{"_runtime": 603.86004418, "epoch": 6040, "train_loss": 0.00024079076501948293, "train_time": 209.08426713943481, "lr": 1.52587890625e-08, "_timestamp": 1748541147.281153, "epoch_duration": 0.03416275978088379, "grad_norm": 0.007183084769172646, "_step": 7249, "Mean relative regret": 0.16540609300136566, "Std relative regret": 0.03969908505678177, "test/mean_relative_regret": 0.13060054183006287, "test/std_relative_regret": 0.03773714229464531}