{"epoch": 2959, "train_time": 103.73307204246521, "grad_norm": 0.007305563077122784, "_step": 3552, "train_loss": 0.00023849293302191654, "epoch_duration": 0.034404754638671875, "lr": 3.125e-05, "_timestamp": 1748574489.6586614, "_runtime": 303.36154917, "Std relative regret": 0.03944295644760132, "Mean relative regret": 0.16216273605823517, "test/mean_relative_regret": 0.13176800310611725, "test/std_relative_regret": 0.03944629803299904}