{"mu_diff": 6.763636112213135, "_timestamp": 1746629719.0486891, "_runtime": 686.007443165, "train_loss": -0.6194799588993192, "grad_norm": 3.9430485738266943, "train_time": 504.7113161087036, "lr": 0.0005, "_step": 240, "epoch": 199, "epoch_duration": 1.4091570377349854, "regret": 0.030403718501329422, "mu_diff_norm": 165.17172241210938, "total_duration": 526.8408906459808}