{"train_time": 601.0626554489136, "grad_norm": 0.011525321166090622, "_timestamp": 1748526777.2010417, "train_loss": 0.0022557136981049553, "epoch_duration": 1.691293716430664, "lr": 4.8828125e-07, "_runtime": 674.640044264, "_step": 708, "epoch": 353, "Mean relative regret": 0.1579231470823288, "Std relative regret": 0.04526859521865845, "test/mean_relative_regret": 0.13855166733264923, "test/std_relative_regret": 0.05388419330120087}