{"grad_norm": 0.4450389290258824, "lr": 3.125e-05, "_timestamp": 1746805191.5715923, "_runtime": 893.6204329, "_step": 720, "epoch": 599, "train_time": 852.7936723232269, "train_loss": 0.014220728597138077, "epoch_duration": 1.4196507930755615, "regret": 0.021886740028858185, "regret_relatif": 0.1624244397878647, "total_duration": 891.2767524719238}