{"train_loss": 0.0009439097775612026, "epoch_duration": 0.04134392738342285, "train_time": 60.01658058166504, "_timestamp": 1748881600.0019648, "_runtime": 322.71566545, "_step": 2911, "epoch": 1454, "grad_norm": 0.008214610060462419, "lr": 0.002, "Mean relative regret": 0.16990023591423495, "Std relative regret": 0.04453653773663236, "best_epoch": 14, "best_relat_regret": 0.1528838085055333, "total_duration": 309.0139286518097, "test/mean_relative_regret": 0.1342884600162506, "test/std_relative_regret": 0.05273345857858658}