{"train_loss": 0.00022999533211987, "train_time": 32.23097109794617, "_timestamp": 1748573790.0456824, "_step": 852, "epoch": 709, "epoch_duration": 0.034575462341308594, "grad_norm": 0.01037379368852299, "lr": 0.001, "_runtime": 168.626352255, "Mean relative regret": 0.1694689840078354, "Std relative regret": 0.06640978157520294, "test/mean_relative_regret": 0.13917165994644165, "test/std_relative_regret": 0.053273458033800125}