{"train_loss": 0.0042388549918541685, "train_time": 60.10175609588623, "epoch": 75, "epoch_duration": 0.7919025421142578, "grad_norm": 0.02261020021406634, "lr": 0.002, "_timestamp": 1748879489.6803715, "_runtime": 88.617692219, "_step": 153, "Mean relative regret": 0.15403239891133785, "Std relative regret": 0.038169568624526695, "norm_diff_mu": 151.39913940429688, "total_duration": 85.00259065628052, "best_epoch": 20, "best_relat_regret": 0.1492010776544499, "test/mean_relative_regret": 0.13044233620166779, "test/std_relative_regret": 0.038813404738903046}