{"train_loss": 0.0034579610073706135, "train_time": 271.8193085193634, "lr": 0.001, "_timestamp": 1748534372.1378767, "_runtime": 303.087581907, "_step": 273, "epoch": 135, "epoch_duration": 1.8503787517547607, "grad_norm": 0.01725180960782628, "Mean relative regret": 0.14725951850414276, "Std relative regret": 0.04940006136894226, "best_relat_regret": 0.14158567786216736, "total_duration": 300.24759006500244, "best_epoch": 49, "test/mean_relative_regret": 0.12640179693698883, "test/std_relative_regret": 0.051425497978925705}