{"train_loss": 0.3139826003462076, "train_time": 1779.6224551200867, "lr": 0.002, "_runtime": 1808.828252719, "epoch": 77, "epoch_duration": 22.817466497421265, "grad_norm": 4.657111895937255, "_timestamp": 1748618106.2895174, "_step": 157, "norm_diff_mu": 551.9276733398438, "Mean relative regret": 0.15490412712097168, "Std relative regret": 0.036950673907995224, "best_epoch": 69, "best_relat_regret": 0.14943891763687134, "total_duration": 1804.9651157855988, "test/mean_relative_regret": 0.13389723002910614, "test/std_relative_regret": 0.03900961950421333}