{"train_loss": 0.023700994323007762, "epoch_duration": 32.0497362613678, "lr": 0.001, "_runtime": 293.168509448, "_step": 4, "epoch": 3, "train_time": 171.1833426952362, "grad_norm": 0.09107097443571051, "_timestamp": 1746467590.9744952, "regret": 0.029493840634822844}