{"_runtime": 604.461914677, "_timestamp": 1748606556.7751837, "train_loss": 0.019977531512267888, "epoch_duration": 1.3355064392089844, "train_time": 486.3589885234833, "grad_norm": 0.5385559398621224, "lr": 0.0005, "_step": 725, "epoch": 361, "Mean relative regret": 0.16051934659481049, "Std relative regret": 0.04218779504299164, "total_duration": 601.2621443271637, "best_epoch": 35, "best_relat_regret": 0.15655146539211273, "test/mean_relative_regret": 0.1333491951227188, "test/std_relative_regret": 0.039969880133867264}