{"epoch": 2, "train_time": 85.31496620178223, "_timestamp": 1748539290.570686, "_runtime": 89.648001315, "_step": 7, "train_loss": 0.01873136917129159, "epoch_duration": 27.75217604637146, "grad_norm": 0.023780057349508648, "lr": 0.002, "Mean relative regret": 0.19679929316043854, "Std relative regret": 0.04104135185480118, "total_duration": 86.32766246795654, "best_epoch": 2, "best_relat_regret": 0.19679929316043854, "test/mean_relative_regret": 0.1755339503288269, "test/std_relative_regret": 0.04096517339348793}