{"epoch": 17, "grad_norm": 0.020501883314422497, "_timestamp": 1748539954.3262165, "_runtime": 313.282644638, "_step": 37, "train_loss": 0.008198695082683116, "epoch_duration": 14.329938888549805, "train_time": 303.124228477478, "lr": 0.002, "Mean relative regret": 0.14314094185829163, "Std relative regret": 0.03995451703667641, "norm_diff_mu": 151.1779327392578, "total_duration": 309.3042063713074, "best_epoch": 16, "best_relat_regret": 0.14279821515083313, "test/mean_relative_regret": 0.12727688252925873, "test/std_relative_regret": 0.03901544213294983}