{"_runtime": 431.244739218, "epoch": 9, "train_loss": 0.012812582193873823, "grad_norm": 0.03054581294837503, "lr": 0.002, "epoch_duration": 31.957753658294678, "train_time": 323.1523129940033, "_timestamp": 1746797284.6100972, "_step": 12, "regret": 0.02040609050542116, "total_duration": 325.111918926239}