{"_runtime": 651.064605817, "epoch": 99, "grad_norm": 0.062443080383028954, "_timestamp": 1746460248.669865, "lr": 0.00025, "_step": 120, "train_loss": 0.003499638129142113, "epoch_duration": 4.815304756164551, "train_time": 447.6294548511505, "regret": 0.01999056674540043, "total_duration": 454.7623722553253}