{"epoch": 1029, "train_time": 1475.593933582306, "train_loss": 0.014400872983969748, "epoch_duration": 1.4170401096343994, "grad_norm": 0.45972361206852275, "lr": 6.25e-05, "_timestamp": 1748585303.4242094, "_runtime": 1805.002329907, "_step": 2061, "Mean relative regret": 0.1609470397233963, "Std relative regret": 0.04307226464152336, "best_relat_regret": 0.1547929048538208, "total_duration": 1801.4462141990662, "best_epoch": 104, "test/mean_relative_regret": 0.13264161348342896, "test/std_relative_regret": 0.03721965476870537}