{"train_time": 1455.4750499725342, "grad_norm": 0.5804612706948304, "_timestamp": 1748608374.760679, "_runtime": 1803.469294305, "_step": 3701, "epoch": 1849, "train_loss": 0.012647466908674687, "epoch_duration": 0.7880520820617676, "lr": 1.953125e-06, "Mean relative regret": 0.17031747102737427, "Std relative regret": 0.06278722733259201, "total_duration": 1800.6055302619934, "best_epoch": 15, "best_relat_regret": 0.15969175100326538, "test/mean_relative_regret": 0.13816526532173157, "test/std_relative_regret": 0.05531506612896919}