n,jobtype,time limit,method,n_samples,lambda_imle,sigma,step_mu,n_iter_mu,mean_relat_eval,std_relat_eval,mean_relat_test,std_relat_test
50,classic,60,IMLE,1,10.0,1.0,5,15,0.04823276028037071,0.015276250607489515,0.04300666326573119,0.014953614266205877
50,MSE,60,MSE,,,,5,15,0.030392776653170587,0.012999907264017325,0.022095719353551976,0.010064370284299993
50,classic,60,SPOPlus,,,,5,15,0.03257295835763216,0.012599164482501823,0.023533412101701835,0.010347797672920385
50,MSE,300,MSE,,,,5,15,0.030506450124084948,0.013250890955020246,0.02202670894812327,0.010052568387966254
50,classic,300,IMLE,1,10.0,1.0,5,15,0.031518305763602254,0.012671112768295733,0.022839087209431456,0.010253341972066956
50,classic,300,SPOPlus,,,,5,15,0.03111727450042963,0.01246880735117643,0.023270275165187194,0.010181303861164805
