{"grad_norm": 1.663646292207551, "epoch": 4, "train_loss": 0.13106423523277044, "epoch_duration": 1.7665338516235352, "train_time": 11.772560834884644, "lr": 0.001, "_timestamp": 1746543522.1580975, "_runtime": 114.476553528, "_step": 10, "regret": 0.03137395069003105, "total_duration": 12.470539569854736}