{"epoch": 99, "train_time": 1287.4947764873505, "lr": 0.00025, "_timestamp": 1745948464.665766, "_step": 120, "train_loss": 0.6599161238409579, "epoch_duration": 7.788918972015381, "grad_norm": 8.233573799777417, "_runtime": 1300.110090244, "regret": 13.2, "total_duration": 1297.3910119533539}