{"epoch_duration": 2.6954119205474854, "grad_norm": 0.059717037086956005, "lr": 0.0005, "_step": 180, "_runtime": 926.29585634, "epoch": 149, "train_loss": 0.013441143033560365, "train_time": 919.3560326099396, "_timestamp": 1746209330.3484046, "regret": 0.030578696727752687, "mu_diff_norm": 60.09418487548828, "total_duration": 925.8818550109863}