{"_timestamp": 1745435997.395926, "_runtime": 11.11850278, "_step": 0, "regret": 12.83}