{"lr": 0.001, "_runtime": 8.059561519, "_step": 4, "epoch": 1, "train_loss": 0.34558955393731594, "epoch_duration": 2.024261951446533, "train_time": 4.301909923553467, "grad_norm": 2.7077428177508707, "_timestamp": 1746475251.8536928, "regret": 0.02846927970647812, "total_duration": 5.586910247802734}