{"epoch_duration": 24.801948070526123, "grad_norm": 2.1315766327867647, "_runtime": 1900.680633385, "_step": 1143, "epoch": 570, "train_loss": 0.07442371849901974, "train_time": 1630.2539138793945, "lr": 0.000125, "_timestamp": 1748610898.7403417, "Mean relative regret": 0.1609298139810562, "Std relative regret": 0.04421805590391159, "norm_diff_mu": 170.44509887695312, "best_relat_regret": 0.15636664628982544, "total_duration": 1817.0032114982605, "best_epoch": 70, "test/std_relative_regret": 0.0403069406747818, "test/mean_relative_regret": 0.13943476974964142}