{"epoch_duration": 44.61228370666504, "train_time": 95.53033781051636, "grad_norm": 0.026847937373087723, "_runtime": 238.111563679, "_step": 13, "epoch": 5, "train_loss": 0.011654723843093961, "lr": 0.002, "_timestamp": 1748525356.8462176, "Std relative regret": 0.04801735281944275, "norm_diff_mu": 100.01433563232422, "Mean relative regret": 0.16495949029922485, "total_duration": 96.70184826850891, "best_epoch": 5, "best_relat_regret": 0.16495949029922485, "training_status": "time_limit", "test/mean_relative_regret": 0.1441453993320465, "test/std_relative_regret": 0.05348644778132439}