{"_timestamp": 1748534826.1245022, "_runtime": 338.77234238, "epoch_duration": 37.54934358596802, "train_loss": 0.008764261147007346, "train_time": 303.35928893089294, "grad_norm": 0.021321791850578205, "lr": 0.002, "_step": 33, "epoch": 15, "norm_diff_mu": 151.1425018310547, "Mean relative regret": 0.14191628992557526, "Std relative regret": 0.03823979198932648, "total_duration": 309.44534397125244, "best_epoch": 15, "best_relat_regret": 0.14191628992557526, "test/mean_relative_regret": 0.12703728675842285, "test/std_relative_regret": 0.036664869636297226}