{"epoch_duration": 0.03355860710144043, "_timestamp": 1748526202.339875, "epoch": 8905, "train_loss": 0.00016746081928431522, "train_time": 300.00119948387146, "grad_norm": 0.0082144551327789, "lr": 6.103515625e-08, "_runtime": 632.685879292, "_step": 10688, "Mean relative regret": 0.16228824853897095, "Std relative regret": 0.05379459261894226, "test/mean_relative_regret": 0.14025171101093292, "test/std_relative_regret": 0.05593295022845268}