{"grad_norm": 0.012988751021183506, "lr": 0.002, "_timestamp": 1748547024.1232004, "_step": 593, "train_loss": 0.0025286954623879865, "epoch_duration": 1.8383963108062744, "train_time": 544.1226980686188, "epoch": 295, "_runtime": 603.556523742, "Mean relative regret": 0.1560957282781601, "Std relative regret": 0.049408067017793655, "best_epoch": 32, "best_relat_regret": 0.14352008700370789, "total_duration": 600.8803863525391, "test/mean_relative_regret": 0.126948282122612, "test/std_relative_regret": 0.05059981718659401}