{"train_loss": 0.22253159061074257, "epoch_duration": 45.51462507247925, "grad_norm": 3.002231369570235, "lr": 0.002, "_timestamp": 1748693792.8743849, "_runtime": 647.876849695, "_step": 29, "epoch": 13, "train_time": 639.8242740631104, "Std relative regret": 0.041463284705683195, "norm_diff_mu": 154.08770751953125, "Mean relative regret": 0.1630760676643862, "total_duration": 644.5255575180054, "best_epoch": 13, "best_relat_regret": 0.1630760676643862, "test/mean_relative_regret": 0.13884201645851135, "test/std_relative_regret": 0.03705812990665436}