{"train_time": 136.7641053199768, "_timestamp": 1746223230.1053007, "_runtime": 273.561473003, "_step": 3, "epoch": 2, "train_loss": 0.02589717786759138, "epoch_duration": 42.99904441833496, "grad_norm": 0.09493464756694524, "lr": 0.001, "regret": 0.030147930383682253}