{"_step": 2, "epoch": 1, "train_loss": 12.7988121509552, "epoch_duration": 7.749880075454712, "_timestamp": 1745427614.8979642, "_runtime": 17.664863094, "total_duration": 15.543711423873901}