{"_step": 2, "epoch": 0, "train_time": 11.988505840301514, "grad_norm": 7.077751437223372, "lr": 2.0521797688422696e-05, "_timestamp": 1745855631.673184, "_runtime": 18.932298101, "train_loss": 13.293532967567444, "epoch_duration": 11.988505840301514, "regret": 13.45, "total_duration": 16.307421445846558}