{"grad_norm": 2.568474689488457, "lr": 0.001, "_timestamp": 1746542594.2789822, "_runtime": 80.656256425, "epoch": 1, "train_loss": 0.28861620742827654, "epoch_duration": 1.7750823497772217, "train_time": 7.75772500038147, "_step": 4, "regret": 0.030905323699116707, "total_duration": 8.611228942871094}