{"epoch": 299, "train_loss": 0.015949569758959115, "epoch_duration": 1.4591600894927979, "grad_norm": 0.4969735229352533, "lr": 0.00025, "train_time": 435.01123428344727, "_timestamp": 1746731178.0276604, "_runtime": 456.975282664, "_step": 360, "regret": 0.021672335267066956, "total_duration": 454.43887758255005}