{"_timestamp": 1745813793.8720422, "_runtime": 199.016090226, "_step": 18, "epoch": 14, "train_loss": 7.306844472885132, "epoch_duration": 9.41464900970459, "train_time": 134.7328164577484, "regret": 22.36, "total_duration": 195.94681549072266}