{"lr": 0.001, "mu_diff": 3.915269136428833, "_timestamp": 1746641777.0836384, "_runtime": 646.707646731, "train_time": 627.1901450157166, "grad_norm": 1.266452409122908, "epoch_duration": 2.734299421310425, "_step": 180, "epoch": 149, "train_loss": 0.10690193763002753, "regret": 0.030863177478313446, "mu_diff_norm": 96.78370666503906, "total_duration": 644.3807954788208}