{"_step": 709, "epoch_duration": 0.035182952880859375, "train_time": 21.058537244796753, "grad_norm": 0.00925794131942404, "_timestamp": 1748539295.200037, "_runtime": 73.845264308, "epoch": 590, "train_loss": 0.00032125691723194905, "lr": 0.001, "Mean relative regret": 0.16680797934532166, "Std relative regret": 0.04365823417901993, "test/mean_relative_regret": 0.13468080759048462, "test/std_relative_regret": 0.03980889543890953}