{"train_loss": 0.00024299320193676976, "train_time": 627.1933951377869, "grad_norm": 0.0072818840304336024, "_runtime": 1832.778352793, "_step": 21720, "epoch": 18099, "lr": 1e-06, "_timestamp": 1748551476.8607228, "epoch_duration": 0.03401470184326172, "Mean relative regret": 0.1587405949831009, "Std relative regret": 0.041930705308914185, "test/mean_relative_regret": 0.1321435570716858, "test/std_relative_regret": 0.038706615567207336}