{"_step": 3, "epoch": 1, "train_loss": -5.259852945804596, "train_time": 67.43925404548645, "lr": 0.002, "mu_diff": 1.8818018436431885, "_runtime": 68.815096961, "epoch_duration": 0.1044309139251709, "grad_norm": 29.891261719929155, "_timestamp": 1746542664.31146, "regret": 0.03129598692059517, "mu_diff_norm": 42.085182189941406, "total_duration": 68.29269695281982}