{"train_time": 447.8893024921417, "grad_norm": 0.13740001187645207, "epoch_duration": 4.454700231552124, "train_loss": 0.01573517225915566, "lr": 2.3283064365386963e-13, "_timestamp": 1746206741.604172, "_runtime": 454.216915642, "_step": 120, "epoch": 99, "regret": 0.025627811998128892, "total_duration": 452.095849275589}