{"_timestamp": 1748883818.5516918, "_step": 2847, "epoch": 1422, "epoch_duration": 0.05180001258850098, "grad_norm": 0.009861089745487195, "_runtime": 511.52391905, "train_loss": 0.0024182141860364936, "train_time": 60.04464316368103, "lr": 0.001, "Mean relative regret": 0.16665586396599086, "Std relative regret": 0.041631763450730115, "best_epoch": 18, "best_relat_regret": 0.15529181044962734, "total_duration": 508.0339300632477, "test/mean_relative_regret": 0.1314188838005066, "test/std_relative_regret": 0.03704633191227913}