{"_timestamp": 1746204476.565415, "_runtime": 16.989621866, "_step": 6, "epoch": 2, "train_loss": 0.023850860656239092, "train_time": 14.019305229187012, "epoch_duration": 4.457563877105713, "grad_norm": 0.17370606064147362, "lr": 0.001, "regret": 0.027862419039011002, "total_duration": 14.696343660354614}