{"train_loss": 0.021980212768539786, "epoch_duration": 3.0990450382232666, "train_time": 1222.7422201633453, "lr": 3.125e-05, "_timestamp": 1746220808.0804555, "epoch": 149, "grad_norm": 4.6255199208413105, "_runtime": 1235.043457933, "_step": 180, "regret": 0.029583966732025145, "mu_diff_norm": 38.32769775390625, "total_duration": 1234.6065509319305}