{"grad_norm": 0.015886148952918237, "_step": 171, "train_loss": 0.005355369212338701, "epoch_duration": 20.541937828063965, "train_time": 1776.4936356544495, "lr": 0.002, "_timestamp": 1748544877.761677, "_runtime": 1837.787468984, "epoch": 84, "Mean relative regret": 0.1343376487493515, "Std relative regret": 0.03620269522070885, "best_relat_regret": 0.13056151568889618, "total_duration": 1814.3784742355347, "best_epoch": 28, "test/mean_relative_regret": 0.12057065218687057, "test/std_relative_regret": 0.039457954466342926}