{"epoch": 0, "train_loss": 0.9987377785146236, "train_time": 43.3522093296051, "lr": 0.002, "_timestamp": 1748644410.318875, "epoch_duration": 43.3522093296051, "grad_norm": 2.971261972068428, "_runtime": 45.520065843, "_step": 0}