{"epoch_duration": 1.8848206996917725, "grad_norm": 0.010204026920144984, "_timestamp": 1748554894.510619, "_runtime": 3604.69542982, "_step": 3509, "epoch": 1753, "train_time": 3261.336813688278, "lr": 1e-06, "train_loss": 0.0020708547381218523, "Std relative regret": 0.04576987028121948, "Mean relative regret": 0.15286746621131897, "total_duration": 3601.262572288513, "best_epoch": 67, "best_relat_regret": 0.14339116215705872, "test/mean_relative_regret": 0.12904830276966095, "test/std_relative_regret": 0.05344608798623085}