{"grad_norm": 2.23479974529973, "_runtime": 625.488369766, "epoch_duration": 22.607136726379395, "train_loss": 0.1084128487855196, "train_time": 613.3156163692474, "lr": 0.002, "_timestamp": 1748614455.9265888, "_step": 55, "epoch": 26, "Mean relative regret": 0.1606442630290985, "Std relative regret": 0.03723258152604103, "norm_diff_mu": 105.7928466796875, "total_duration": 622.1758172512054, "best_epoch": 22, "best_relat_regret": 0.15838594734668732, "test/mean_relative_regret": 0.1404382586479187, "test/std_relative_regret": 0.0403120256960392}