{"_runtime": 73.093194841, "_step": 7, "lr": 0.002, "_timestamp": 1748612570.1644125, "epoch": 2, "train_loss": 0.26158170960843563, "epoch_duration": 23.20442485809326, "train_time": 68.48765158653259, "grad_norm": 2.5795281089711657, "norm_diff_mu": 140.0982208251953, "Mean relative regret": 0.19133907556533813, "Std relative regret": 0.044889092445373535, "total_duration": 69.53558421134949, "best_epoch": 2, "best_relat_regret": 0.19133907556533813, "test/mean_relative_regret": 0.164590984582901, "test/std_relative_regret": 0.04251255467534065}