{"train_loss": 0.0025546647666487843, "train_time": 1801.2182552814484, "lr": 0.000125, "_step": 349, "epoch": 173, "epoch_duration": 1.6304147243499756, "grad_norm": 0.013191661659239429, "_timestamp": 1748529191.5836756, "_runtime": 1837.371254011, "Mean relative regret": 0.15048404037952423, "Std relative regret": 0.05042673274874687, "norm_diff_mu": 137.08290100097656, "best_epoch": 46, "best_relat_regret": 0.14784030616283417, "training_status": "time_limit", "total_duration": 1834.479905128479, "test/mean_relative_regret": 0.13257354497909546, "test/std_relative_regret": 0.052437394857406616}