{"epoch": 139, "epoch_duration": 0.41524267196655273, "_step": 281, "train_loss": 0.005449182994198054, "train_time": 60.40149712562561, "grad_norm": 0.021276607706612025, "lr": 0.002, "_timestamp": 1748905320.0633702, "_runtime": 232.781514765, "Mean relative regret": 0.16842111086040779, "Std relative regret": 0.034381655510553825, "norm_diff_mu": 210.36746215820312, "total_duration": 209.10203528404236, "best_epoch": 21, "best_relat_regret": 0.1637855491536266, "test/mean_relative_regret": 0.13363231718540192, "test/std_relative_regret": 0.02913508377969265}