{"grad_norm": 0.027375214036714873, "_runtime": 307.769320042, "_step": 31, "epoch": 14, "train_loss": 0.010572682251222432, "epoch_duration": 19.891698122024536, "train_time": 297.2627820968628, "lr": 0.002, "_timestamp": 1748539923.4865613, "Mean relative regret": 0.1362529844045639, "Std relative regret": 0.040275655686855316, "total_duration": 303.5287096500397, "best_epoch": 14, "best_relat_regret": 0.1362529844045639, "test/mean_relative_regret": 0.12402229011058807, "test/std_relative_regret": 0.038377270102500916}