{"mu_diff": 169.96792602539062, "_runtime": 1542.218393994, "epoch": 599, "train_loss": 1.7919259071350098, "epoch_duration": 1.360536813735962, "_timestamp": 1746806735.2609558, "_step": 720, "train_time": 1478.8605782985687, "grad_norm": 15.987645286434782, "lr": 3.125e-05, "regret_relatif": 0.1924378526210785, "regret": 0.025938874781131743, "mu_diff_norm": 3802.6015625, "total_duration": 1541.3776669502258}