{"_runtime": 1957.323098533, "_step": 44128, "train_time": 1800.0294833183289, "grad_norm": 0.012224241788609175, "lr": 1e-06, "_timestamp": 1748920386.9901648, "epoch": 43690, "train_loss": 0.0022676776206935756, "epoch_duration": 0.0410616397857666, "Mean relative regret": 0.16634773885940493, "Std relative regret": 0.04270898119480543, "total_duration": 1953.236893415451, "best_epoch": 99, "best_relat_regret": 0.15819963905493334, "test/mean_relative_regret": 0.1345638632774353, "test/std_relative_regret": 0.04015279561281204}