{"epoch": 27, "train_loss": 0.006883097521495074, "epoch_duration": 2.0554451942443848, "train_time": 61.30359935760498, "grad_norm": 0.03231930373863306, "lr": 0.002, "_runtime": 205.414128906, "_timestamp": 1748525324.1496391, "_step": 56, "Mean relative regret": 0.1492115557193756, "Std relative regret": 0.04914872720837593, "test/mean_relative_regret": 0.12612828612327576, "test/std_relative_regret": 0.0501042902469635}