{"train_time": 394.3748459815979, "lr": 0.002, "_runtime": 397.867475236, "_step": 83, "epoch": 69, "train_loss": 0.013370537955779582, "epoch_duration": 3.0384745597839355, "grad_norm": 0.0002645396268033464, "_timestamp": 1746207140.6405385, "mu_diff_norm": 66.85641479492188, "regret": 0.030938541144132616}