{"lr": 0.0005, "_timestamp": 1746207478.1869628, "_runtime": 37.451420653, "epoch": 5, "train_loss": 0.019856923376210034, "epoch_duration": 4.523435115814209, "train_time": 28.071972131729126, "grad_norm": 0.15212184126829167, "_step": 8, "regret": 0.02710916593670845, "total_duration": 35.30901265144348}