{"train_time": 15.148789405822754, "grad_norm": 0.21305173235667535, "epoch": 2, "train_loss": 0.013411475927568972, "epoch_duration": 4.49866509437561, "_step": 4, "lr": 0.002, "_timestamp": 1746204493.510795, "_runtime": 15.772389567, "regret": 0.03128896564245224, "mu_diff_norm": 73.33724212646484, "total_duration": 15.366524696350098}