{"train_loss": 0.3496224684640765, "_timestamp": 1748902589.0556066, "_step": 61, "epoch": 29, "epoch_duration": 61.18778204917908, "train_time": 1835.0598378181458, "grad_norm": 2.2460885176055823, "lr": 0.002, "_runtime": 1872.880215924, "Mean relative regret": 0.174786099506723, "Std relative regret": 0.036135304849156585, "norm_diff_mu": 144.8221435546875, "best_epoch": 29, "best_relat_regret": 0.174786099506723, "total_duration": 1867.0476162433624, "test/mean_relative_regret": 0.1441478282213211, "test/std_relative_regret": 0.03283870220184326}