{"epoch_duration": 4.2639782428741455, "lr": 0.001, "_runtime": 2213.803894361, "_timestamp": 1748900706.4529889, "_step": 829, "epoch": 413, "train_loss": 0.026672902866266668, "train_time": 1801.0661029815674, "grad_norm": 0.47066734350770284, "Mean relative regret": 0.17834545096578375, "Std relative regret": 0.0352994467551065, "total_duration": 2208.5264773368835, "best_epoch": 344, "best_relat_regret": 0.17564826397881017, "test/mean_relative_regret": 0.13356365263462067, "test/std_relative_regret": 0.034639205783605576}