{"train_loss": 0.0085196319851093, "_timestamp": 1746901706.8099415, "_step": 84, "epoch": 69, "epoch_duration": 114.27702856063843, "train_time": 8053.255645275116, "grad_norm": 0.015950750666848295, "lr": 0.0005, "_runtime": 8075.820498631, "regret": 0.019063492119312287, "regret_relatif": 0.14949872553348542, "total_duration": 8073.114452600479}