{"_step": 6979, "grad_norm": 0.5163194624922857, "lr": 1e-06, "_runtime": 3604.034033678, "train_time": 2964.052227973938, "_timestamp": 1748588924.6605978, "epoch": 3488, "train_loss": 0.009691190149169415, "epoch_duration": 0.8443491458892822, "Mean relative regret": 0.16493535041809082, "Std relative regret": 0.05282948166131973, "total_duration": 3600.5460164546967, "best_epoch": 98, "best_relat_regret": 0.16159316897392273, "test/mean_relative_regret": 0.13995765149593353, "test/std_relative_regret": 0.0552922859787941}