{"_step": 6, "train_loss": 0.17197332996875048, "train_time": 13.500961303710938, "grad_norm": 1.8716742465217802, "lr": 0.001, "_timestamp": 1746563524.9484034, "_runtime": 17.304760434, "epoch": 4, "epoch_duration": 1.6310231685638428, "regret": 0.030412517488002777, "total_duration": 15.137192010879517}