{"train_time": 106.1800365447998, "lr": 0.002, "_timestamp": 1748534023.4416227, "epoch": 5, "train_loss": 0.011738000030163676, "_runtime": 154.379474442, "_step": 13, "epoch_duration": 49.066301584243774, "grad_norm": 0.027160295854901473, "Mean relative regret": 0.1634744554758072, "Std relative regret": 0.04774704948067665, "norm_diff_mu": 99.802734375, "total_duration": 107.44846796989441, "best_epoch": 5, "best_relat_regret": 0.1634744554758072, "test/std_relative_regret": 0.053208354860544205, "test/mean_relative_regret": 0.14608412981033325}