{"train_loss": 0.07477667462080717, "train_time": 105.58383226394653, "grad_norm": 7.66159977708176, "_timestamp": 1746554265.3323011, "_runtime": 108.660935496, "epoch": 4, "epoch_duration": 0.10289311408996582, "lr": 0.002, "mu_diff": 1.8347139358520508, "_step": 6, "mu_diff_norm": 41.034393310546875, "regret": 0.03048404186964035, "total_duration": 106.32441282272339}