{"train_time": 126.08824300765991, "_timestamp": 1747321770.4629116, "train_loss": 0.02094315306749195, "epoch_duration": 30.541459321975708, "lr": 0.002, "_runtime": 248.485142342, "_step": 4, "epoch": 3, "grad_norm": 0.038986172372393886, "regret": 0.02759134106338024, "regret_relatif": 0.2040382444858551}