{"train_loss": 0.029839266440831125, "epoch_duration": 43.27268147468567, "_runtime": 48.189484818, "epoch": 0, "grad_norm": 0.04141503663765761, "lr": 0.001, "_timestamp": 1746127049.2458591, "_step": 0, "train_time": 43.27268147468567}