{"_runtime": 1026.800876075, "_step": 5, "epoch": 2, "train_loss": 13.996757209300995, "epoch_duration": 547.7695202827454, "_timestamp": 1745442377.1762702, "regret": 11.43}