{"epoch_duration": 0.03352856636047363, "_runtime": 867.606193771, "_step": 10680, "train_loss": 0.00024289469001814723, "train_time": 300.02167773246765, "grad_norm": 0.007344464872146017, "lr": 6.103515625e-08, "_timestamp": 1748527077.0602102, "epoch": 8899, "Mean relative regret": 0.1637965589761734, "Std relative regret": 0.038278233259916306, "test/mean_relative_regret": 0.13100437819957733, "test/std_relative_regret": 0.03842926397919655}