{"train_time": 300.2163043022156, "lr": 0.0005, "_timestamp": 1748914090.6151414, "epoch": 713, "train_loss": 0.003920357223250903, "epoch_duration": 0.418337345123291, "grad_norm": 0.010358737043260837, "_runtime": 1073.989312476, "_step": 1429, "Mean relative regret": 0.18047144304603144, "Std relative regret": 0.03272170812154472, "norm_diff_mu": 270.2073059082031, "total_duration": 1040.5838584899902, "best_epoch": 19, "best_relat_regret": 0.16551579894580593, "test/mean_relative_regret": 0.13672250509262085, "test/std_relative_regret": 0.030092516914010048}