{"train_time": 300.86229968070984, "grad_norm": 1.1167105319792623, "lr": 0.002, "_timestamp": 1748613198.750103, "_runtime": 308.676424359, "_step": 27, "epoch": 12, "train_loss": 0.06346053211018443, "epoch_duration": 23.034469604492188, "Std relative regret": 0.04283365234732628, "norm_diff_mu": 37.770450592041016, "Mean relative regret": 0.17526927590370178, "total_duration": 305.33852982521057, "best_epoch": 12, "best_relat_regret": 0.17526927590370178, "test/mean_relative_regret": 0.14627860486507416, "test/std_relative_regret": 0.037747036665678024}