{"train_time": 5586.565440654755, "grad_norm": 19.067510692202863, "_timestamp": 1746545264.4208217, "_runtime": 6332.500918851, "epoch": 179, "train_loss": 12.453985691070557, "epoch_duration": 9.678156852722168, "lr": 0.001, "_step": 215, "regret": 46.08, "mu_diff_norm": 582.2293090820312}