{"train_loss": 13.995507717132568, "train_time": 983.1680538654327, "grad_norm": 1.4748930838708887, "epoch": 14, "epoch_duration": 11.000961303710938, "lr": 0.001, "_timestamp": 1745854850.6564605, "_runtime": 999.249201086, "_step": 30, "regret": 12.18, "total_duration": 998.8888421058655}