{"_runtime": 149.523607827, "epoch_duration": 15.396663188934326, "train_time": 64.15620803833008, "grad_norm": 2.95114713429104, "lr": 0.002, "epoch": 3, "train_loss": 0.22876729909330606, "_timestamp": 1748691756.9659357, "_step": 9, "Mean relative regret": 0.1824519503234718, "Std relative regret": 0.05154468312495239, "norm_diff_mu": 127.94808197021484, "total_duration": 64.88553094863892, "best_epoch": 2, "best_relat_regret": 0.1822353409747863, "test/mean_relative_regret": 0.15630123019218445, "test/std_relative_regret": 0.05152042210102081}