{"epoch": 55, "train_loss": 0.0035702667373698205, "grad_norm": 0.017553684512495064, "_timestamp": 1748526717.9910681, "epoch_duration": 45.25687646865845, "train_time": 614.5477333068848, "lr": 0.002, "_runtime": 627.977843591, "_step": 113, "Mean relative regret": 0.1479346603155136, "Std relative regret": 0.05005573108792305, "norm_diff_mu": 24.811065673828125, "training_status": "time_limit", "total_duration": 625.2034077644348, "best_epoch": 14, "best_relat_regret": 0.14485478401184082, "test/mean_relative_regret": 0.1320236474275589, "test/std_relative_regret": 0.052906256169080734}