{"_runtime": 308.821190729, "_step": 61, "train_loss": 0.06366803636774421, "epoch_duration": 0.8211119174957275, "grad_norm": 1.4795668486452298, "lr": 0.002, "epoch": 29, "train_time": 294.2210786342621, "_timestamp": 1748605265.4908023, "Mean relative regret": 0.16607306897640228, "Std relative regret": 0.05460888519883156, "norm_diff_mu": 69.31001281738281, "best_relat_regret": 0.1637660712003708, "total_duration": 300.6127552986145, "best_epoch": 11, "test/std_relative_regret": 0.05475209653377533, "test/mean_relative_regret": 0.14174312353134155}