{"epoch": 0, "train_loss": 4.646986305713654, "epoch_duration": 74.14962697029114, "train_time": 74.14962697029114, "grad_norm": 16.057041366112838, "_timestamp": 1745950915.177199, "_runtime": 76.263396724, "lr": 0.001, "_step": 0}