{"_timestamp": 1748888301.6997566, "_step": 8681, "epoch": 4339, "train_loss": 0.0010242913976981072, "epoch_duration": 0.4077606201171875, "train_time": 1800.0443081855774, "grad_norm": 0.004988080871972346, "lr": 3.125e-05, "_runtime": 2539.637980323, "Mean relative regret": 0.16985572564687124, "Std relative regret": 0.052867830556117254, "norm_diff_mu": 881.8004760742188, "best_relat_regret": 0.1507076259449188, "total_duration": 2536.8291313648224, "best_epoch": 10, "test/std_relative_regret": 0.05476146936416626, "test/mean_relative_regret": 0.13456346094608307}