{"_runtime": 34.308848312, "_step": 4, "epoch": 2, "epoch_duration": 13.260254383087158, "grad_norm": 0.18147252504393044, "lr": 0.002, "_timestamp": 1746203096.6965148, "train_loss": 0.01375173986889422, "train_time": 33.58370900154114, "regret": 0.03149960175156594, "mu_diff_norm": 75.6988754272461, "total_duration": 33.80101251602173}