{"lr": 0.002, "_timestamp": 1748534068.5746987, "epoch": 2, "grad_norm": 0.023319996602880262, "train_time": 83.82369065284729, "_runtime": 88.300708737, "_step": 7, "train_loss": 0.018630535108968616, "epoch_duration": 27.068185567855835, "Mean relative regret": 0.19506210088729858, "Std relative regret": 0.04717418923974037, "best_relat_regret": 0.19506210088729858, "total_duration": 84.82243728637695, "best_epoch": 2, "test/mean_relative_regret": 0.17447485029697418, "test/std_relative_regret": 0.0417352057993412}