{"epoch_duration": 4.655259847640991, "lr": 5.960464477539063e-11, "epoch": 149, "train_loss": 0.009312659909483045, "train_time": 695.281172990799, "grad_norm": 0.10187830836834028, "_timestamp": 1746208402.7772076, "_runtime": 703.725620506, "_step": 180, "regret": 0.02197071611881256, "total_duration": 701.5653777122498}