{"train_time": 346.8557059764862, "lr": 0.0005, "mu_diff": 40.394309997558594, "_timestamp": 1746720391.0654142, "epoch": 149, "train_loss": 0.7615711502730846, "epoch_duration": 1.2882685661315918, "grad_norm": 5.9624669227865645, "_runtime": 364.707970711, "_step": 180, "regret": 0.026318147480487823, "mu_diff_norm": 904.460693359375, "total_duration": 362.00668263435364}