{"_step": 480, "epoch": 399, "train_loss": 1.005769994109869, "epoch_duration": 8.539063930511475, "train_time": 9944.634116888046, "_timestamp": 1746139090.3083313, "grad_norm": 4.479423282671337, "lr": 0.002, "_runtime": 10212.590982853, "regret": 11.4, "mu_diff_norm": 469.25103759765625, "total_duration": 9997.488070487976}