{"train_loss": 0.0073300275835208595, "epoch_duration": 18.40397334098816, "_timestamp": 1748535933.1668358, "epoch": 32, "grad_norm": 0.020603587491715553, "lr": 0.002, "_runtime": 619.442262726, "_step": 67, "train_time": 603.2401297092438, "Std relative regret": 0.0350341796875, "Mean relative regret": 0.13246339559555054, "total_duration": 615.9360241889954, "best_epoch": 32, "best_relat_regret": 0.13246339559555054, "test/mean_relative_regret": 0.11894676834344864, "test/std_relative_regret": 0.03702094778418541}