{"_step": 2, "train_time": 254.15052437782288, "grad_norm": 57.410904238387175, "lr": 0.001, "_timestamp": 1748962119.9444356, "_runtime": 257.137562188, "epoch": 2, "train_loss": 29.251171946525574, "epoch_duration": 114.87620449066162}