{"_timestamp": 1748644200.057325, "_runtime": 141.732013167, "train_loss": 0.9663000591099262, "epoch_duration": 19.089848041534424, "train_time": 19.089848041534424, "_step": 0, "epoch": 0, "grad_norm": 3.704419454821357, "lr": 0.002}