{"_step": 9, "epoch_duration": 32.05388164520264, "train_time": 255.80885124206543, "grad_norm": 0.03262700971304553, "lr": 0.002, "_runtime": 258.677920902, "epoch": 7, "train_loss": 0.014511270623188466, "_timestamp": 1746797597.501611, "regret": 0.020962656885385515}