{"epoch_duration": 16.033846378326416, "_timestamp": 1748527426.9857402, "epoch": 33, "train_loss": 0.007501623505959287, "lr": 0.002, "_runtime": 631.08626627, "_step": 68, "train_time": 614.9090812206268, "grad_norm": 0.020874522904439457, "Std relative regret": 0.03684896603226662, "Mean relative regret": 0.13229039311408997, "test/mean_relative_regret": 0.11976886540651321, "test/std_relative_regret": 0.037791453301906586}