{"_step": 185, "train_loss": 2.239189125597477, "epoch_duration": 3.5656256675720215, "train_time": 600.1107180118561, "grad_norm": 46.52951728979284, "epoch": 168, "lr": 0.001, "_timestamp": 1748963503.6528428, "_runtime": 1015.518242043, "Mean relative regret": 0.23534950214580075, "Std relative regret": 0.08160167271492244, "norm_diff_mu": 422.0575256347656, "total_duration": 1012.5726382732391, "best_epoch": 159, "best_relat_regret": 0.23534950214580075}