{"epoch": 14704, "train_loss": 0.0007766093331156299, "_runtime": 3111.3441984, "_step": 29411, "epoch_duration": 0.04026389122009277, "train_time": 600.0123674869537, "grad_norm": 0.006569114623278933, "lr": 1e-06, "_timestamp": 1748891109.8381455, "Mean relative regret": 0.17350331868946905, "Std relative regret": 0.056648481134544446, "total_duration": 3107.7066111564636, "best_epoch": 14, "best_relat_regret": 0.15847228683171177, "test/mean_relative_regret": 0.13609686493873596, "test/std_relative_regret": 0.05274519324302673}