{"train_time": 83.86289095878601, "lr": 0.002, "_runtime": 88.060627004, "_step": 7, "epoch": 2, "train_loss": 0.018560785334557295, "epoch_duration": 27.09590482711792, "grad_norm": 0.024026196176946298, "_timestamp": 1748545797.78619, "Std relative regret": 0.04045576602220535, "Mean relative regret": 0.19432850182056427, "total_duration": 84.88369178771973, "best_epoch": 2, "best_relat_regret": 0.19432850182056427, "test/mean_relative_regret": 0.17291252315044403, "test/std_relative_regret": 0.04360252991318703}