{"lr": 0.001, "_timestamp": 1746201659.2295027, "_step": 6, "_runtime": 160.711759199, "epoch": 2, "train_loss": 0.024374643224291503, "epoch_duration": 4.78264594078064, "train_time": 20.92004084587097, "grad_norm": 0.17191637312276706, "regret": 0.027864543646574022, "total_duration": 23.430275440216064}