{"_timestamp": 1748540534.512788, "_step": 9991, "epoch": 8325, "train_time": 286.7447748184204, "grad_norm": 0.0080250789280445, "lr": 1.52587890625e-08, "_runtime": 603.457208081, "train_loss": 0.00017184493390232092, "epoch_duration": 0.03423714637756348, "Std relative regret": 0.05403130501508713, "Mean relative regret": 0.16420473158359528, "test/mean_relative_regret": 0.1378682255744934, "test/std_relative_regret": 0.05416842922568321}