{"epoch": 4287, "train_loss": 0.0036961639707442373, "grad_norm": 0.0070961345256539375, "lr": 1e-06, "_timestamp": 1748919101.3574953, "_runtime": 1853.804573354, "epoch_duration": 0.42530393600463867, "train_time": 1800.170743227005, "_step": 4331, "Mean relative regret": 0.1825406059762571, "Std relative regret": 0.0340629163451182, "norm_diff_mu": 556.9970703125, "total_duration": 1847.859602689743, "best_epoch": 99, "best_relat_regret": 0.17380513535449538, "test/mean_relative_regret": 0.1360829919576645, "test/std_relative_regret": 0.03257618844509125}