{"train_loss": 0.013068294443655759, "epoch_duration": 74.79821801185608, "train_time": 1841.467327594757, "_timestamp": 1748899199.1869912, "_runtime": 1875.268609144, "epoch": 25, "grad_norm": 0.02586073364604377, "lr": 0.002, "_step": 53, "Mean relative regret": 0.16358497072366368, "Std relative regret": 0.03366283593545438, "norm_diff_mu": 159.13168334960938, "total_duration": 1869.4026861190796, "best_epoch": 25, "best_relat_regret": 0.16358497072366368, "test/mean_relative_regret": 0.13469015061855316, "test/std_relative_regret": 0.029868032783269882}