{"_timestamp": 1748606269.5109305, "_step": 123, "train_time": 602.895934343338, "grad_norm": 1.0400085103875938, "lr": 0.002, "_runtime": 617.938618105, "epoch": 60, "train_loss": 0.025272661820054054, "epoch_duration": 43.33353233337402, "Mean relative regret": 0.16722266376018524, "Std relative regret": 0.051255833357572556, "norm_diff_mu": 10.457320213317871, "best_relat_regret": 0.16722266376018524, "total_duration": 614.8069825172424, "best_epoch": 60, "test/mean_relative_regret": 0.1422482579946518, "test/std_relative_regret": 0.05397813394665718}