{"epoch": 0, "epoch_duration": 7.847848653793335, "lr": 0.002, "train_loss": -1.9008145332336426, "train_time": 7.847848653793335, "grad_norm": 19.30709416212044, "mu_diff": 1.8818330764770508, "_timestamp": 1746540256.9301212, "_runtime": 8.360870609, "_step": 0}