{"epoch": 149, "epoch_duration": 1.3973219394683838, "train_time": 382.13250494003296, "mu_diff": 40.724327087402344, "_runtime": 401.111240257, "_step": 180, "train_loss": 0.781767699867487, "grad_norm": 6.158673166340085, "lr": 0.0005, "_timestamp": 1746729947.886778, "mu_diff_norm": 911.8602294921875, "regret": 0.02535761594772339, "total_duration": 398.7882363796234}