{"_step": 289, "epoch": 143, "grad_norm": 0.017848502310061992, "lr": 0.002, "_timestamp": 1748879391.618679, "train_loss": 0.0016903572613955475, "epoch_duration": 0.40867114067077637, "train_time": 60.11485528945923, "_runtime": 97.6060541, "Mean relative regret": 0.16563291980125106, "Std relative regret": 0.04911288702235012, "norm_diff_mu": 133.53955078125, "total_duration": 84.57318210601807, "best_epoch": 13, "best_relat_regret": 0.16100982754411608, "test/mean_relative_regret": 0.13425488770008087, "test/std_relative_regret": 0.05324142798781395}