{"epoch": 1, "train_time": 121.94425058364868, "_timestamp": 1748897771.1870644, "_step": 5, "_runtime": 131.15368703, "train_loss": 0.5767165087163448, "epoch_duration": 63.072112798690796, "grad_norm": 2.5443827732149136, "lr": 0.002, "Std relative regret": 0.036920064725964596, "norm_diff_mu": 231.57254028320312, "Mean relative regret": 0.21917166166563185, "total_duration": 124.04569935798645, "best_epoch": 1, "best_relat_regret": 0.21917166166563185, "test/mean_relative_regret": 0.19428464770317078, "test/std_relative_regret": 0.035043008625507355}