{"train_loss": 0.0003087988789047813, "epoch_duration": 0.034403324127197266, "_runtime": 63.455990024, "_step": 720, "epoch": 599, "train_time": 21.192655563354492, "grad_norm": 0.009093543320198714, "lr": 0.001, "_timestamp": 1748545771.4104233, "Mean relative regret": 0.16133590042591095, "Std relative regret": 0.038149114698171616, "test/mean_relative_regret": 0.13319163024425507, "test/std_relative_regret": 0.038202784955501556}