{"lr": 0.002, "_timestamp": 1748534060.1171114, "_step": 9, "epoch": 3, "train_loss": 0.02144520974252373, "epoch_duration": 18.180605173110962, "train_time": 72.890629529953, "grad_norm": 0.03915659588271274, "_runtime": 77.894357437, "Mean relative regret": 0.16447006165981293, "Std relative regret": 0.04061165079474449, "total_duration": 74.42556691169739, "best_epoch": 3, "best_relat_regret": 0.16447006165981293, "test/std_relative_regret": 0.03809535875916481, "test/mean_relative_regret": 0.14679934084415436}