{"epoch": 308, "_timestamp": 1748605018.610371, "_runtime": 303.722200082, "lr": 0.001, "_step": 619, "train_loss": 0.016319536545779556, "epoch_duration": 0.7833220958709717, "train_time": 243.5220992565155, "grad_norm": 0.6495684478039451, "Std relative regret": 0.05835097283124924, "Mean relative regret": 0.17558209598064423, "total_duration": 300.9573209285736, "best_epoch": 78, "best_relat_regret": 0.15902233123779297, "test/std_relative_regret": 0.05630038306117058, "test/mean_relative_regret": 0.14131762087345123}