{"regret": 12.88, "_timestamp": 1745433617.307784, "_runtime": 8.968532669, "_step": 0}