{"epoch_duration": 0.41721439361572266, "grad_norm": 0.005934040633141521, "epoch": 1439, "train_loss": 0.001088683206035057, "train_time": 600.1028189659119, "lr": 0.002, "_timestamp": 1748884901.328213, "_runtime": 851.533212708, "_step": 2881, "Mean relative regret": 0.17102829819321513, "Std relative regret": 0.04937042385669184, "norm_diff_mu": 345.89837646484375, "best_epoch": 11, "best_relat_regret": 0.14760308380434947, "total_duration": 848.690511226654, "test/mean_relative_regret": 0.13245351612567902, "test/std_relative_regret": 0.0523388646543026}