{"epoch": 5, "train_loss": 0.12398494593799114, "train_time": 96.0322482585907, "grad_norm": 2.4995306713077854, "lr": 0.002, "_runtime": 237.173196152, "epoch_duration": 45.80269646644592, "_timestamp": 1748604672.3221476, "_step": 13, "Mean relative regret": 0.1777203381061554, "Std relative regret": 0.047198742628097534, "norm_diff_mu": 106.29979705810547, "total_duration": 97.42323994636536, "best_epoch": 5, "best_relat_regret": 0.1777203381061554, "test/mean_relative_regret": 0.1500864177942276, "test/std_relative_regret": 0.055117253214120865}