{"_runtime": 377.408345925, "epoch": 67, "epoch_duration": 4.595125436782837, "lr": 0.002, "_timestamp": 1748898157.2077122, "train_loss": 0.031021202681586146, "train_time": 304.0796477794647, "grad_norm": 0.524301532447736, "_step": 137, "Mean relative regret": 0.17560665724092822, "Std relative regret": 0.038874423857978326, "best_epoch": 57, "best_relat_regret": 0.17522906269059188, "total_duration": 371.97051668167114, "test/mean_relative_regret": 0.13820050656795502, "test/std_relative_regret": 0.034740325063467026}