{"_step": 237, "epoch": 117, "train_loss": 0.20117629086598754, "epoch_duration": 15.238919734954834, "train_time": 1791.2170188426971, "lr": 0.002, "_timestamp": 1748695615.934311, "grad_norm": 2.1596845153735593, "_runtime": 1814.60089555, "Mean relative regret": 0.16349143197866506, "Std relative regret": 0.05020152281502271, "norm_diff_mu": 77.64286804199219, "best_relat_regret": 0.16015910951615225, "total_duration": 1811.78697514534, "best_epoch": 100, "test/mean_relative_regret": 0.14180836081504822, "test/std_relative_regret": 0.054384905844926834}