{"_timestamp": 1748691861.4724298, "train_time": 90.67335796356201, "grad_norm": 2.731833265514087, "lr": 0.002, "_runtime": 95.413116664, "_step": 5, "epoch": 1, "train_loss": 0.46469131112098694, "epoch_duration": 46.37123227119446, "Mean relative regret": 0.2012933543857143, "Std relative regret": 0.04273367338917189, "norm_diff_mu": 165.7131805419922, "total_duration": 91.34352922439575, "best_epoch": 1, "best_relat_regret": 0.2012933543857143, "test/mean_relative_regret": 0.17522074282169342, "test/std_relative_regret": 0.041631367057561874}