{"epoch": 411, "_timestamp": 1748901559.0715563, "_step": 825, "train_loss": 0.024635185138322413, "epoch_duration": 4.599261045455933, "train_time": 1801.4668807983398, "grad_norm": 0.4114804945450672, "lr": 0.0005, "_runtime": 2205.904735786, "Mean relative regret": 0.1795321900517112, "Std relative regret": 0.03579500692325553, "total_duration": 2200.4046869277954, "best_epoch": 220, "best_relat_regret": 0.17695811018827462, "test/mean_relative_regret": 0.1314009726047516, "test/std_relative_regret": 0.03306334465742111}