{"grad_norm": 11.666095641210694, "lr": 0.002, "_runtime": 6619.486784651, "_step": 351, "epoch": 292, "train_loss": 3.738685742020607, "train_time": 5963.88027882576, "epoch_duration": 8.67205548286438, "_timestamp": 1746205860.9449174, "mu_diff_norm": 358.2445983886719, "regret": 14.3}