{"epoch": 149, "epoch_duration": 4.493009567260742, "grad_norm": 9.850544483435078, "lr": 6.25e-05, "_runtime": 1521.865735039, "train_loss": 1.322756014764309, "train_time": 1343.2404828071594, "mu_diff": 75.52550506591797, "_timestamp": 1746909116.0646296, "_step": 180, "regret": 0.02801766961812973, "mu_diff_norm": 1691.065185546875, "regret_relatif": 0.2173920077085495, "total_duration": 1389.3526730537415}