{"epoch_duration": 10.322905778884888, "grad_norm": 0.03510294195138909, "_runtime": 93.644988739, "_step": 13, "epoch": 5, "train_loss": 0.02136125136166811, "train_time": 64.6514060497284, "lr": 0.002, "_timestamp": 1748896511.0509734, "Mean relative regret": 0.18251443991440983, "Std relative regret": 0.03799810746934598, "total_duration": 71.00515222549438, "best_epoch": 5, "best_relat_regret": 0.18251443991440983, "test/mean_relative_regret": 0.155008465051651, "test/std_relative_regret": 0.03448548913002014}