{"epoch_duration": 0.8658847808837891, "_step": 757, "epoch": 688, "train_time": 600.2281515598297, "grad_norm": 6.442589417405171, "lr": 3.125e-05, "_timestamp": 1748963207.0070348, "_runtime": 722.75975227, "train_loss": 11.638979136943817, "Mean relative regret": 0.4315915117752961, "Std relative regret": 0.0977811139377108, "total_duration": 719.9872419834137, "best_epoch": 519, "best_relat_regret": 0.42922821118124554}