{"epoch": 17586, "epoch_duration": 0.051059722900390625, "_timestamp": 1748369637.3958292, "_runtime": 1745.567852737, "_step": 21104, "train_loss": 0.00017001469041133532, "train_time": 869.1937837600708, "grad_norm": 0.00820990718907398, "lr": 1.52587890625e-08, "Mean relative regret": 0.16416265070438385, "Std relative regret": 0.05394934490323067}