{"regret": 15.13, "_timestamp": 1745427964.5383532, "_runtime": 5.317882582, "_step": 0}