{"mu_diff": 29.72881317138672, "_timestamp": 1746803153.6916332, "train_time": 2305.9603819847107, "lr": 0.001, "epoch_duration": 27.538758516311646, "grad_norm": 0.07162602895268573, "_runtime": 2317.080527716, "_step": 96, "epoch": 79, "train_loss": 0.03162148373667151, "regret": 0.025856173411011697, "mu_diff_norm": 665.324462890625, "total_duration": 2314.42574095726}