{"grad_norm": 0.01842450420519675, "lr": 0.002, "_step": 127, "epoch_duration": 28.630245208740234, "train_time": 1791.0306632518768, "_timestamp": 1748544875.3011827, "_runtime": 1835.33112509, "epoch": 62, "train_loss": 0.005571462621446699, "Mean relative regret": 0.14772041141986847, "Std relative regret": 0.035568639636039734, "total_duration": 1812.278736114502, "best_epoch": 22, "best_relat_regret": 0.14419694244861603, "test/mean_relative_regret": 0.12779243290424347, "test/std_relative_regret": 0.0370926670730114}