{"train_loss": 0.08232561219483614, "epoch_duration": 99.77603006362915, "train_time": 5065.345293521881, "lr": 0.001, "_runtime": 5093.250513433, "epoch": 44, "mu_diff": 32.99515151977539, "_timestamp": 1746906804.6800613, "_step": 53, "grad_norm": 0.11874590920583394, "regret": 0.027369884103536607, "mu_diff_norm": 739.1185913085938, "regret_relatif": 0.212413370013237}