{"train_time": 3580.304436683655, "lr": 1.52587890625e-08, "epoch": 99999, "epoch_duration": 0.03281092643737793, "grad_norm": 0.008220417230486702, "_timestamp": 1748364507.5635722, "_runtime": 7786.350646334, "_step": 120001, "train_loss": 0.00016851020336616784, "Mean relative regret": 0.17029444873332977, "Std relative regret": 0.05508248135447502, "total_duration": 7694.757779121399, "best_epoch": 200, "best_relat_regret": 0.1657494753599167, "test/mean_relative_regret": 0.13709208369255066, "test/std_relative_regret": 0.055209044367074966}