{"_timestamp": 1745817388.3390627, "_runtime": 1602.149792135, "_step": 30, "epoch": 14, "train_loss": 23.809765696525574, "epoch_duration": 9.975318670272827, "train_time": 1577.367579460144, "regret": 22.03, "total_duration": 1601.781705379486}