{"epoch": 186, "train_loss": 0.049689113860949874, "epoch_duration": 1.3733761310577393, "train_time": 537.4958443641663, "lr": 0.002, "_runtime": 604.481089947, "grad_norm": 0.8032014597673007, "_timestamp": 1748606882.7556255, "_step": 375, "Mean relative regret": 0.1621730625629425, "Std relative regret": 0.03975466266274452, "norm_diff_mu": 44.605735778808594, "total_duration": 600.967423915863, "best_epoch": 61, "best_relat_regret": 0.15546567738056183, "test/mean_relative_regret": 0.14053279161453247, "test/std_relative_regret": 0.03873991593718529}