{"epoch": 18089, "train_time": 631.8391208648682, "grad_norm": 0.007172975946423901, "train_loss": 0.00024192997443606146, "epoch_duration": 0.034258127212524414, "lr": 1.52587890625e-08, "_timestamp": 1748544863.028404, "_runtime": 1823.058471964, "_step": 21708, "Mean relative regret": 0.16692185401916504, "Std relative regret": 0.04415292292833328, "test/mean_relative_regret": 0.13221405446529388, "test/std_relative_regret": 0.03756372258067131}