{"train_time": 6.303943395614624, "_step": 3, "_timestamp": 1746540664.716826, "_runtime": 7.29659181, "epoch": 1, "train_loss": -4.636859655380249, "epoch_duration": 0.11019444465637207, "grad_norm": 25.51785346910261, "lr": 0.002, "mu_diff": 1.881852388381958, "mu_diff_norm": 42.0863151550293, "regret": 0.031226439252495766, "total_duration": 6.873766899108887}