{"_runtime": 96.26081223, "epoch_duration": 1.391143560409546, "train_time": 90.70547652244568, "lr": 0.002, "mu_diff": 5.922233581542969, "_timestamp": 1746565719.8715847, "_step": 35, "epoch": 29, "train_loss": -1903.4641036987305, "grad_norm": 402.25407991913613, "mu_diff_norm": 133.0792999267578, "regret": 0.030721468627452852}