{"train_loss": 0.006372280768118799, "epoch_duration": 17.206599712371826, "grad_norm": 0.017450761593662694, "lr": 0.002, "_runtime": 621.435712071, "_step": 73, "epoch": 35, "_timestamp": 1748536128.84244, "train_time": 602.1990463733673, "norm_diff_mu": 143.90147399902344, "Mean relative regret": 0.1449003517627716, "Std relative regret": 0.03841176629066467, "best_relat_regret": 0.1431737244129181, "total_duration": 615.1012434959412, "best_epoch": 19, "test/std_relative_regret": 0.03728586435317993, "test/mean_relative_regret": 0.12826184928417206}