{"_timestamp": 1745813450.6019852, "_runtime": 665.87089105, "_step": 45, "epoch": 37, "train_loss": 9.184826791286469, "epoch_duration": 8.777043581008911, "train_time": 327.8781940937042, "regret": 26.79}