{"epoch": 4, "_runtime": 162.100951541, "train_loss": 0.08499086648225784, "epoch_duration": 27.969215393066406, "train_time": 159.42225885391235, "grad_norm": 0.08783356134033567, "lr": 0.002, "mu_diff": 2.8892571926116943, "_timestamp": 1747322125.5140939, "_step": 5, "mu_diff_norm": 64.92646026611328, "regret_relatif": 0.2163286542892456, "regret": 0.029225026294589042}