{"grad_norm": 0.013303273651772628, "lr": 1.52587890625e-08, "epoch": 939, "train_loss": 0.0026238823193125427, "_timestamp": 1748529426.1261988, "_runtime": 1991.223488125, "_step": 1880, "epoch_duration": 2.0857558250427246, "train_time": 1800.2522597312927, "Std relative regret": 0.05050576105713844, "Mean relative regret": 0.1527896672487259, "test/mean_relative_regret": 0.131589874625206, "test/std_relative_regret": 0.05368063598871231}