{"lr": 0.00025, "mu_diff": 463.7323303222656, "_runtime": 5999.600162258, "train_loss": 4.445966064929962, "epoch_duration": 4.424189329147339, "train_time": 5671.144140005112, "_step": 900, "epoch": 749, "grad_norm": 30.179119782444765, "_timestamp": 1747104290.0220048, "regret": 0.02794472813606262, "mu_diff_norm": 10371.75, "regret_relatif": 0.21675547778606416, "total_duration": 5894.26659488678}