{"_step": 30, "epoch": 14, "train_loss": 19.760937571525574, "epoch_duration": 13.186483144760132, "train_time": 1164.671756029129, "_timestamp": 1745515285.6592205, "_runtime": 1169.417078488, "regret": 18.06, "total_duration": 1169.055223941803}