{"_step": 339, "epoch": 168, "train_loss": 0.018159227212890983, "lr": 0.001, "_timestamp": 1748580445.1391935, "_runtime": 304.705541061, "epoch_duration": 1.4945645332336426, "train_time": 246.875816822052, "grad_norm": 0.505382231271647, "Mean relative regret": 0.16160419583320618, "Std relative regret": 0.039328332990407944, "total_duration": 301.0700125694275, "best_epoch": 75, "best_relat_regret": 0.1568910777568817, "test/mean_relative_regret": 0.13357724249362946, "test/std_relative_regret": 0.03620043769478798}