{"lr": 0.001, "_timestamp": 1746554155.2248676, "_runtime": 45.363528615, "_step": 6, "epoch": 4, "train_loss": 0.17553672567009926, "grad_norm": 1.895184670467137, "epoch_duration": 1.628103256225586, "train_time": 12.278123378753662, "regret": 0.029274416640400886, "total_duration": 12.870255470275879}