{"grad_norm": 47.0360414347643, "_step": 8, "epoch": 6, "epoch_duration": 109.16157150268555, "lr": 0.001, "_timestamp": 1748961327.4394534, "_runtime": 838.927158528, "train_loss": 26.565234422683716, "train_time": 707.0807330608368, "Mean relative regret": 0.37368854493763975, "Std relative regret": 0.0873381525237328, "best_relat_regret": 0.37368854493763975, "total_duration": 736.9682202339172, "best_epoch": 4}