{"train_time": 317.50695991516113, "grad_norm": 3.215083883342488, "lr": 0.002, "_step": 15, "epoch": 6, "epoch_duration": 45.14015579223633, "_runtime": 323.168473392, "train_loss": 0.2447296679019928, "_timestamp": 1748692517.5676334, "Std relative regret": 0.03531330465223854, "norm_diff_mu": 160.2242431640625, "Mean relative regret": 0.1749856627698389, "total_duration": 319.8356521129608, "best_epoch": 6, "best_relat_regret": 0.1749856627698389, "test/mean_relative_regret": 0.14849239587783813, "test/std_relative_regret": 0.04171861335635185}