{"epoch_duration": 0.04035210609436035, "grad_norm": 0.02089287237091936, "lr": 1e-06, "_timestamp": 1748921389.2075014, "_runtime": 2279.020612799, "_step": 44648, "train_loss": 0.003474037323030643, "train_time": 1800.0044209957123, "epoch": 44204, "Mean relative regret": 0.1903426512542388, "Std relative regret": 0.03712959178893086, "total_duration": 2273.6435947418213, "best_epoch": 99, "best_relat_regret": 0.17563556020355586, "test/mean_relative_regret": 0.1386195570230484, "test/std_relative_regret": 0.03338193520903587}