{"epoch": 99999, "epoch_duration": 0.03356480598449707, "train_time": 3423.4559400081635, "grad_norm": 0.007399096190174203, "lr": 1.52587890625e-08, "train_loss": 0.0002482257241354091, "_timestamp": 1748366583.399518, "_runtime": 9862.180598965, "_step": 120001, "Mean relative regret": 0.15851068496704102, "Std relative regret": 0.04307514429092407, "total_duration": 9770.24085021019, "best_epoch": 2450, "best_relat_regret": 0.15667933225631714, "test/mean_relative_regret": 0.1330614686012268, "test/std_relative_regret": 0.03804610297083855}