{"train_time": 537.9277930259705, "grad_norm": 0.011700414320753003, "_timestamp": 1748540537.6870182, "_runtime": 603.952079134, "train_loss": 0.0022672654449706897, "epoch_duration": 1.6411700248718262, "lr": 7.8125e-06, "_step": 653, "epoch": 325, "Mean relative regret": 0.15491509437561035, "Std relative regret": 0.05094650387763977, "best_epoch": 27, "best_relat_regret": 0.15058714151382446, "total_duration": 601.1162357330322, "test/mean_relative_regret": 0.13178299367427826, "test/std_relative_regret": 0.052654340863227844}