{"epoch": 4204, "grad_norm": 0.008298612434245975, "_timestamp": 1748534387.0700102, "_runtime": 302.769758763, "train_loss": 0.00016894112013687845, "epoch_duration": 0.033651113510131836, "train_time": 142.5501832962036, "lr": 9.765625e-07, "_step": 5046, "Mean relative regret": 0.16450496017932892, "Std relative regret": 0.04911100119352341, "test/mean_relative_regret": 0.13947932422161102, "test/std_relative_regret": 0.055340204387903214}