{"train_time": 106.77146983146667, "_timestamp": 1748539240.6169326, "_step": 13, "epoch": 5, "epoch_duration": 51.92933511734009, "grad_norm": 0.027927463483879027, "lr": 0.002, "_runtime": 127.795569726, "train_loss": 0.0118756556767039, "Mean relative regret": 0.16186992824077606, "Std relative regret": 0.055513400584459305, "norm_diff_mu": 100.2969741821289, "best_epoch": 5, "best_relat_regret": 0.16186992824077606, "total_duration": 108.05166673660278, "test/mean_relative_regret": 0.1453472375869751, "test/std_relative_regret": 0.05449745059013367}