{"train_loss": 0.06560403807088733, "epoch_duration": 2.974750280380249, "train_time": 104.79206824302673, "mu_diff": 1.8762983083724976, "_timestamp": 1746543633.4757695, "epoch": 4, "lr": 0.002, "_runtime": 109.834252858, "_step": 6, "grad_norm": 8.36921978760121, "mu_diff_norm": 42.08501434326172, "regret": 0.030422603487968446, "total_duration": 105.55893278121948}