{"train_time": 863.7095386981964, "lr": 1e-06, "_runtime": 1803.325531919, "_step": 29850, "epoch": 24874, "train_loss": 0.00016924834835663205, "epoch_duration": 0.03426170349121094, "grad_norm": 0.007964851449324194, "_timestamp": 1748577525.50301, "Mean relative regret": 0.16241750121116638, "Std relative regret": 0.045705683529376984, "test/mean_relative_regret": 0.13842955231666565, "test/std_relative_regret": 0.055536072701215744}