{"epoch": 2, "train_loss": 0.0178117286413908, "epoch_duration": 13.225735425949097, "train_time": 61.96560215950012, "grad_norm": 0.01784815258386809, "lr": 0.002, "_timestamp": 1748545785.6933975, "_runtime": 66.380061227, "_step": 7, "norm_diff_mu": 159.43235778808594, "Mean relative regret": 0.19814319908618927, "Std relative regret": 0.0431056022644043, "best_relat_regret": 0.19814319908618927, "total_duration": 63.01718211174011, "best_epoch": 2, "test/mean_relative_regret": 0.17963911592960358, "test/std_relative_regret": 0.04647746682167053}