{"train_loss": 0.003581484910682775, "grad_norm": 0.017391171698038846, "_timestamp": 1748525779.4336624, "_runtime": 335.834213262, "epoch": 142, "epoch_duration": 2.1008312702178955, "train_time": 301.30195021629333, "lr": 0.002, "_step": 286, "Mean relative regret": 0.14790141582489014, "Std relative regret": 0.047407492995262146, "test/mean_relative_regret": 0.13156524300575256, "test/std_relative_regret": 0.05401070788502693}