{"train_loss": 0.00024046415001066634, "lr": 1e-06, "_timestamp": 1748579389.692479, "epoch": 18009, "epoch_duration": 0.035260677337646484, "train_time": 629.9507563114166, "grad_norm": 0.007284875363052557, "_runtime": 1804.394524258, "_step": 21612, "Mean relative regret": 0.1655951589345932, "Std relative regret": 0.04163451865315437, "test/mean_relative_regret": 0.1319374144077301, "test/std_relative_regret": 0.03758401796221733}