{"epoch_duration": 0.03476595878601074, "grad_norm": 0.008059742786254332, "lr": 1e-06, "_step": 9909, "epoch": 8257, "train_loss": 0.0001708719132693659, "train_time": 287.324982881546, "_timestamp": 1748575101.2877855, "_runtime": 602.849579209, "Mean relative regret": 0.1559525579214096, "Std relative regret": 0.047319188714027405, "test/mean_relative_regret": 0.13924911618232727, "test/std_relative_regret": 0.05468596890568733}