{"_step": 900, "train_loss": 2.9326283931732178, "grad_norm": 19.24684711234288, "mu_diff": 258.01171875, "lr": 0.00025, "_timestamp": 1747009622.5797431, "_runtime": 5799.298184582, "epoch": 749, "epoch_duration": 4.424349784851074, "train_time": 5559.3801074028015, "regret": 0.028303206115961075, "mu_diff_norm": 5771.8623046875, "regret_relatif": 0.21945654034614562, "total_duration": 5784.413311481476}