{"train_time": 2658.6433103084564, "_timestamp": 1745522927.2747817, "_runtime": 2715.696261531, "_step": 30, "epoch": 14, "train_loss": 18.685351490974426, "epoch_duration": 13.916457176208496, "regret": 17.45, "total_duration": 2715.160012245178}