{"grad_norm": 2.578646522227503, "lr": 0.002, "_step": 83, "epoch_duration": 14.70001745223999, "train_loss": 0.11550557985901833, "train_time": 604.0564863681793, "_timestamp": 1748613821.8383038, "_runtime": 614.666778725, "epoch": 40, "Mean relative regret": 0.16737160086631775, "Std relative regret": 0.053802963346242905, "norm_diff_mu": 136.72030639648438, "best_epoch": 32, "best_relat_regret": 0.163924440741539, "total_duration": 611.6374487876892, "test/mean_relative_regret": 0.1381923407316208, "test/std_relative_regret": 0.0545191764831543}