{"epoch": 56, "epoch_duration": 0.8500633239746094, "train_time": 50.01445245742798, "_timestamp": 1748579747.4590845, "_step": 115, "train_loss": 0.016512296861037612, "grad_norm": 0.7366804419078227, "lr": 0.002, "_runtime": 63.8698776, "Mean relative regret": 0.16525991261005402, "Std relative regret": 0.05786396935582161, "total_duration": 60.683866024017334, "best_epoch": 55, "best_relat_regret": 0.16494907438755035, "test/std_relative_regret": 0.05405157059431076, "test/mean_relative_regret": 0.13649621605873108}