{"train_loss": 0.00281933146470692, "train_time": 537.7153396606445, "lr": 3.0517578125e-08, "_timestamp": 1748535308.3560195, "_step": 659, "epoch": 328, "epoch_duration": 1.6288604736328125, "grad_norm": 0.013850123450385835, "_runtime": 603.528832791, "Mean relative regret": 0.15284013748168945, "Std relative regret": 0.04858224838972092, "best_relat_regret": 0.14748907089233398, "total_duration": 600.9112331867218, "best_epoch": 29, "test/mean_relative_regret": 0.1311466097831726, "test/std_relative_regret": 0.05225175619125366}