{"train_loss": 0.014824656478594989, "lr": 3.125e-05, "_timestamp": 1747155693.6710458, "epoch": 1999, "train_time": 2922.434135198593, "grad_norm": 0.45884244858563156, "_runtime": 3208.88348047, "_step": 2400, "epoch_duration": 1.4652292728424072, "regret_relatif": 0.1646845030784607, "regret": 0.022161581814289094, "total_duration": 3053.558215379715}