{"epoch": 2, "epoch_duration": 4.745899438858032, "lr": 0.001, "_runtime": 17.504235665, "_step": 6, "train_loss": 0.025588275981135666, "train_time": 14.641949653625488, "grad_norm": 0.1740546645812042, "_timestamp": 1746203061.2434835, "regret": 0.028767933249473573, "total_duration": 15.308908700942993}