{"epoch_duration": 0.4164547920227051, "_step": 289, "_timestamp": 1748883073.614859, "_runtime": 88.741311038, "epoch": 143, "train_loss": 0.0018065093318000436, "train_time": 60.41594958305359, "grad_norm": 0.018235789604895605, "lr": 0.002, "Mean relative regret": 0.1617912267007202, "Std relative regret": 0.047591534843717226, "norm_diff_mu": 133.5826873779297, "total_duration": 85.95620083808899, "best_epoch": 21, "best_relat_regret": 0.15383707081440232, "test/mean_relative_regret": 0.13705381751060486, "test/std_relative_regret": 0.05340927466750145}