{"epoch": 35, "epoch_duration": 14.52970838546753, "lr": 0.002, "_timestamp": 1748541198.77237, "_runtime": 615.991958756, "train_loss": 0.006191851949552074, "train_time": 599.3517963886261, "grad_norm": 0.017036831633073048, "_step": 73, "Mean relative regret": 0.14534983038902283, "Std relative regret": 0.03632154315710068, "norm_diff_mu": 143.69522094726562, "total_duration": 612.5540251731873, "best_epoch": 19, "best_relat_regret": 0.14400741457939148, "test/mean_relative_regret": 0.1286170780658722, "test/std_relative_regret": 0.04022573307156563}