{"grad_norm": 0.007189374216194766, "lr": 7.8125e-06, "_timestamp": 1748534697.2776537, "_runtime": 303.179933184, "epoch": 3026, "train_loss": 0.0002444568262944813, "epoch_duration": 0.034146785736083984, "train_time": 104.58114862442017, "_step": 3632, "Mean relative regret": 0.16419634222984314, "Std relative regret": 0.037783630192279816, "test/mean_relative_regret": 0.13273900747299194, "test/std_relative_regret": 0.038962315768003464}