{"train_loss": 13.892382860183716, "lr": 0.001, "_timestamp": 1745861426.663583, "_step": 30, "epoch": 14, "epoch_duration": 11.976189374923706, "train_time": 1373.9840822219849, "grad_norm": 2.8833406524784517, "_runtime": 1405.210097214, "regret": 11.95, "total_duration": 1402.5642290115356}