{"_timestamp": 1746716916.385064, "_step": 180, "epoch": 149, "train_loss": 0.8047096058726311, "epoch_duration": 1.3069510459899902, "grad_norm": 6.333406225995786, "lr": 0.0005, "train_time": 347.01086497306824, "mu_diff": 39.989051818847656, "_runtime": 364.693547933, "regret": 0.026636395305395126, "mu_diff_norm": 895.6006469726562, "total_duration": 362.4416046142578}