{"_runtime": 1805.634539973, "_step": 1441, "epoch": 719, "train_loss": 0.0031298491376219317, "grad_norm": 0.015836399806750178, "lr": 1.52587890625e-08, "epoch_duration": 2.1868627071380615, "train_time": 1627.7258603572845, "_timestamp": 1748542980.9264207, "Mean relative regret": 0.14964991807937622, "Std relative regret": 0.052687156945466995, "total_duration": 1801.8899340629578, "best_epoch": 59, "best_relat_regret": 0.14412228763103485, "test/mean_relative_regret": 0.12747269868850708, "test/std_relative_regret": 0.052324965596199036}