{"_step": 29718, "train_loss": 0.00016673484424245544, "epoch_duration": 0.03449130058288574, "train_time": 864.4997572898865, "_timestamp": 1748542961.3357992, "_runtime": 1803.624878211, "epoch": 24764, "grad_norm": 0.0076796482191145736, "lr": 1.52587890625e-08, "Mean relative regret": 0.1649952530860901, "Std relative regret": 0.05057165026664734, "test/mean_relative_regret": 0.13792215287685394, "test/std_relative_regret": 0.054447244852781296}