{"epoch": 35, "train_loss": 0.029654462006874382, "_runtime": 64.684456741, "epoch_duration": 1.3546855449676514, "train_time": 49.53878211975098, "grad_norm": 0.7148109529043007, "lr": 0.002, "_timestamp": 1748604706.2388337, "_step": 73, "Mean relative regret": 0.15957365930080414, "Std relative regret": 0.039880622178316116, "total_duration": 61.159045457839966, "best_epoch": 23, "best_relat_regret": 0.1576979011297226, "test/mean_relative_regret": 0.13120323419570923, "test/std_relative_regret": 0.038136351853609085}