{"epoch": 3, "train_time": 77.46100997924805, "_runtime": 82.865159179, "_step": 9, "train_loss": 0.021250737830996513, "epoch_duration": 19.37418293952942, "grad_norm": 0.039565467472529224, "lr": 0.002, "_timestamp": 1748539289.2239301, "Mean relative regret": 0.17165155708789825, "Std relative regret": 0.04407821223139763, "best_relat_regret": 0.17165155708789825, "total_duration": 79.1073489189148, "best_epoch": 3, "test/std_relative_regret": 0.04269947484135628, "test/mean_relative_regret": 0.146479994058609}