{"grad_norm": 2.940647048621374, "lr": 0.002, "_timestamp": 1748644333.0807176, "_runtime": 45.610933887, "epoch": 0, "train_loss": 1.0080092959105968, "train_time": 43.29967522621155, "epoch_duration": 43.29967522621155, "_step": 0}