{"grad_norm": 25.491610326455195, "lr": 0.002, "mu_diff": 1.8818097114562988, "epoch": 1, "epoch_duration": 0.10620903968811035, "train_time": 6.4905030727386475, "_step": 3, "train_loss": -4.917448028922081, "_timestamp": 1746540522.2647111, "_runtime": 11.303939158, "mu_diff_norm": 42.08536911010742, "regret": 0.030524635165929796, "total_duration": 7.108661890029907}